z_mm,outer_radius_mm,inner_radius_mm
0.0,49.678969393496885,32
0.4166666666666667,49.83003949551856,32
0.8333333333333334,49.98110959754023,32
1.25,50.13217969956192,32
1.6666666666666667,50.283249801583594,32
2.0833333333333335,50.43431990360527,32
2.5,50.58539000562694,32
2.916666666666667,50.736460107648625,32
3.3333333333333335,50.8875302096703,32
3.7500000000000004,51.03860031169198,32
4.166666666666667,51.18967041371366,32
4.583333333333333,51.340740515735334,32
5.0,51.49181061775701,32
5.416666666666667,51.64288071977868,32
5.833333333333334,51.793950821800365,32
6.25,51.94502092382204,32
6.666666666666667,52.09609102584372,32
7.083333333333334,52.24716112786539,32
7.500000000000001,52.398231229887074,32
7.916666666666667,52.54930133190875,32
8.333333333333334,52.70037143393042,32
8.75,52.8514415359521,32
9.166666666666666,53.00251163797378,32
9.583333333333334,53.15358173999546,32
10.0,53.30465184201713,32
10.416666666666668,53.45572194403881,32
10.833333333333334,53.60679204606049,32
11.250000000000002,53.75786214808217,32
11.666666666666668,53.90893225010384,32
12.083333333333336,54.06000235212552,32
12.5,54.2110724541472,32
12.916666666666668,54.36214255616888,32
13.333333333333334,54.51321265819055,32
13.75,54.66428276021223,32
14.166666666666668,54.81535286223391,32
14.583333333333334,54.96642296425558,32
15.000000000000002,55.117493066277255,32
15.416666666666668,55.26856316829894,32
15.833333333333334,55.41963327032061,32
16.25,55.57070337234229,32
16.666666666666668,55.721773474363964,32
17.083333333333336,55.87284357638565,32
17.5,56.023913678407325,32
17.916666666666668,56.174983780428995,32
18.333333333333332,56.32605388245067,32
18.750000000000004,56.47712398447236,32
19.166666666666668,56.62819408649403,32
19.583333333333336,56.779264188515704,32
20.0,56.93033429053739,32
20.416666666666668,57.08140439255906,32
20.833333333333336,57.232474494580735,32
21.25,57.38354459660241,32
21.666666666666668,57.5346146986241,32
22.083333333333332,57.68568480064577,32
22.500000000000004,57.836754902667444,32
22.916666666666668,57.98782500468912,32
23.333333333333336,58.138895106710805,32
23.75,58.289965208732475,32
24.16666666666667,58.44103531075415,32
24.583333333333336,58.59210541277583,32
25.0,58.74317551479751,32
25.416666666666668,58.894245616819184,32
25.833333333333336,59.04531571884086,32
26.250000000000004,59.196385820862545,32
26.666666666666668,59.34745592288422,32
27.083333333333336,59.49852602490589,32
27.5,59.64959612692757,32
27.916666666666668,59.800666228949254,32
28.333333333333336,59.951736330970924,32
28.75,60.1028064329926,32
29.166666666666668,60.25387653501428,32
29.583333333333336,60.404946637035955,32
30.000000000000004,60.55601673905763,32
30.416666666666668,60.70708684107931,32
30.833333333333336,60.85815694310098,32
31.25,61.009227045122664,32
31.666666666666668,61.16029714714434,32
32.083333333333336,61.31136724916602,32
32.5,61.462437351187695,32
32.91666666666667,61.61350745320937,32
33.333333333333336,61.76457755523105,32
33.75,61.91564765725273,32
34.16666666666667,62.066717759274404,32
34.583333333333336,62.21778786129608,32
35.0,62.36885796331776,32
35.416666666666664,62.51992806533943,32
35.833333333333336,62.67099816736112,32
36.25000000000001,62.82206826938279,32
36.666666666666664,62.97313837140446,32
37.083333333333336,63.124208473426144,32
37.50000000000001,63.27527857544782,32
37.91666666666667,63.42634867746949,32
38.333333333333336,63.577418779491175,32
38.75,63.728488881512845,32
39.16666666666667,63.87955898353454,32
39.583333333333336,64.0306290855562,32
40.0,64.18169918757788,32
40.41666666666667,64.33276928959957,32
40.833333333333336,64.48383939162123,32
41.25,64.63490949364291,32
41.66666666666667,64.7859795956646,32
42.083333333333336,64.93704969768626,32
42.5,65.08811979970794,32
42.91666666666667,65.23918990172963,32
43.333333333333336,65.3902600037513,32
43.75000000000001,65.54133010577299,32
44.166666666666664,65.69240020779465,32
44.583333333333336,65.84347030981633,32
45.00000000000001,65.99454041183802,32
45.416666666666664,66.14561051385968,32
45.833333333333336,66.29668061588137,32
46.25000000000001,66.44775071790305,32
46.66666666666667,66.59882081992471,32
47.083333333333336,66.74989092194639,32
47.5,66.90096102396807,32
47.91666666666667,67.05203112598974,32
48.33333333333334,67.20310122801143,32
48.75,67.3541713300331,32
49.16666666666667,67.50524143205477,32
49.583333333333336,67.65631153407645,32
50.0,67.80738163609813,32
50.41666666666667,67.95845173811982,32
50.833333333333336,68.1095218401415,32
51.25000000000001,68.26059194216316,32
51.66666666666667,68.41166204418484,32
52.083333333333336,68.56273214620651,32
52.50000000000001,68.71380224822819,32
52.916666666666664,68.86487235024988,32
53.333333333333336,69.01594245227155,32
53.75000000000001,69.16701255429322,32
54.16666666666667,69.3180826563149,32
54.583333333333336,69.46915275833658,32
55.0,69.62022286035825,32
55.41666666666667,69.77129296237993,32
55.833333333333336,69.92236306440161,32
56.25,70.07343316642329,32
56.66666666666667,70.22450326844496,32
57.08333333333334,70.37557337046664,32
57.5,70.52664347248833,32
57.91666666666667,70.67771357451,32
58.333333333333336,70.82878367653167,32
58.75000000000001,70.97985377855335,32
59.16666666666667,71.13092388057503,32
59.583333333333336,71.2819939825967,32
60.00000000000001,71.43306408461838,32
60.416666666666664,71.58413418664006,32
60.833333333333336,71.73520428866173,32
61.25000000000001,71.88627439068341,32
61.66666666666667,72.03734449270509,32
62.083333333333336,72.18841459472678,32
62.5,72.33948469674844,32
62.91666666666668,72.49055479877012,32
63.333333333333336,72.6416249007918,32
63.75,72.79269500281347,32
64.16666666666667,72.94376510483517,32
64.58333333333334,73.09483520685683,32
65.0,73.2459053088785,32
65.41666666666667,73.39697541090018,32
65.83333333333334,73.54804551292186,32
66.25,73.69911561494354,32
66.66666666666667,73.85018571696521,32
67.08333333333334,74.00125581898689,32
67.5,74.15232592100857,32
67.91666666666667,74.30339602303023,32
68.33333333333334,74.45446612505192,32
68.75,74.6055362270736,32
69.16666666666667,74.75660632909528,32
69.58333333333334,74.90767643111695,32
70.0,75.05874653313863,32
70.41666666666667,75.20981663516031,32
70.83333333333333,75.36088673718199,32
71.25000000000001,75.51195683920368,32
71.66666666666667,75.66302694122534,32
72.08333333333333,75.81409704324702,32
72.50000000000001,75.9651671452687,32
72.91666666666667,76.11623724729037,32
73.33333333333333,76.26730734931205,32
73.75000000000001,76.41837745133373,32
74.16666666666667,76.5694475533554,32
74.58333333333333,76.72051765537708,32
75.00000000000001,76.87158775739876,32
75.41666666666667,77.02265785942043,32
75.83333333333334,77.17372796144211,32
76.25,77.32479806346379,32
76.66666666666667,77.47586816548547,32
77.08333333333334,77.62693826750713,32
77.5,77.77800836952882,32
77.91666666666667,77.9290784715505,32
78.33333333333334,78.08014857357217,32
78.75,78.23121867559385,32
79.16666666666667,78.38228877761553,32
79.58333333333334,78.5333588796372,32
80.0,78.68442898165888,32
80.41666666666667,78.83549908368056,32
80.83333333333334,78.98656918570224,32
81.25,79.13763928772391,32
81.66666666666667,79.28870938974558,32
82.08333333333334,79.43977949176727,32
82.5,79.59084959378895,32
82.91666666666667,79.74191969581062,32
83.33333333333334,79.8929897978323,32
83.75,80.04405989985398,32
84.16666666666667,80.19513000187564,32
84.58333333333334,80.34620010389733,32
85.0,80.49727020591901,32
85.41666666666667,80.64834030794069,32
85.83333333333334,80.79941040996236,32
86.25000000000001,80.95048051198403,32
86.66666666666667,81.10155061400572,32
87.08333333333333,81.2526207160274,32
87.50000000000001,81.40369081804907,32
87.91666666666667,81.55476092007075,32
88.33333333333333,81.70583102209241,32
88.75000000000001,81.8569011241141,32
89.16666666666667,82.00797122613578,32
89.58333333333333,82.15904132815746,32
90.00000000000001,82.31011143017913,32
90.41666666666667,82.46118153220081,32
90.83333333333333,82.61225163422247,32
91.25000000000001,82.76332173624417,32
91.66666666666667,82.91439183826584,32
92.08333333333334,83.06546194028752,32
92.50000000000001,83.2165320423092,32
92.91666666666667,83.36760214433086,32
93.33333333333334,83.51867224635254,32
93.75,83.66974234837423,32
94.16666666666667,83.8208124503959,32
94.58333333333334,83.97188255241758,32
95.0,84.12295265443926,32
95.41666666666667,84.27402275646092,32
95.83333333333334,84.42509285848261,32
96.25,84.57616296050428,32
96.66666666666669,84.72723306252597,32
97.08333333333334,84.87830316454765,32
97.5,85.02937326656931,32
97.91666666666669,85.180443368591,32
98.33333333333334,85.33151347061268,32
98.75,85.48258357263435,32
99.16666666666667,85.63365367465603,32
99.58333333333334,85.78472377667771,32
99.999999,85.93579351613113,32
100.0,85.93579387869937,0
100.41666666666667,86.08686398072105,0
100.83333333333334,86.23793408274274,0
101.25,86.38900418476442,0
101.66666666666667,86.5400742867861,0
102.08333333333334,86.69114438880776,0
102.50000000000001,86.84221449082943,0
102.91666666666667,86.99328459285113,0
103.33333333333334,87.1443546948728,0
103.75000000000001,87.29542479689448,0
104.16666666666667,87.44649489891614,0
104.58333333333333,87.59756500093782,0
105.00000000000001,87.74863510295951,0
105.41666666666667,87.89970520498117,0
105.83333333333333,88.05077530700287,0
106.25000000000001,88.20184540902454,0
106.66666666666667,88.3529155110462,0
107.08333333333334,88.50398561306788,0
107.50000000000001,88.65505571508957,0
107.91666666666667,88.80612581711125,0
108.33333333333334,88.95719591913293,0
108.75000000000001,89.10826602115459,0
109.16666666666667,89.25933612317627,0
109.58333333333334,89.41040622519795,0
110.0,89.56147632721962,0
110.41666666666667,89.71254642924131,0
110.83333333333334,89.86361653126299,0
111.25,90.01468663328465,0
111.66666666666667,90.16575673530633,0
112.08333333333334,90.31682683732801,0
112.5,90.46789693934969,0
112.91666666666669,90.61896704137138,0
113.33333333333334,90.77003714339304,0
113.75,90.92110724541472,0
114.16666666666669,91.07217734743641,0
114.58333333333334,91.22324744945807,0
115.0,91.37431755147976,0
115.41666666666667,91.52538765350144,0
115.83333333333334,91.6764577555231,0
116.25,91.82752785754478,0
116.66666666666667,91.97859795956646,0
117.08333333333334,92.12966806158815,0
117.50000000000001,92.28073816360983,0
117.91666666666667,92.43180826563149,0
118.33333333333334,92.58287836765317,0
118.75000000000001,92.73394846967486,0
119.16666666666667,92.88501857169652,0
119.58333333333334,93.03608867371821,0
120.00000000000001,93.18715877573987,0
120.41666666666667,93.33822887776155,0
120.83333333333333,93.48929897978323,0
121.25000000000001,93.6403690818049,0
121.66666666666667,93.7914391838266,0
122.08333333333333,93.94250928584827,0
122.50000000000001,94.09357938786994,0
122.91666666666667,94.24464948989161,0
123.33333333333334,94.39571959191329,0
123.75000000000001,94.54678969393497,0
124.16666666666667,94.69785979595666,0
124.58333333333334,94.84892989797832,0
125.0,95.0,0
