frequency_hz,spl_db_2p83vrms_1m,electrical_impedance_real_ohm,electrical_impedance_imag_ohm,displacement_peak_mm,input_power_w
226.2741699796952,96.19260481206454,5.8307913624708885,-3.6288808898398486,0.17343951165828275,0.9900633826169568
230.24057105726772,96.44547797605867,5.813383834853555,-3.5164106437226414,0.1672625545320762,1.008627153467122
234.27649990069025,96.7057667082254,5.797602238417118,-3.4058128628458273,0.16119048777605016,1.0269988114904476
238.3831752748146,96.97392450779112,5.783438936749741,-3.296898493320523,0.15521948294898935,1.045157538338233
242.5618373084442,97.25042556026358,5.770902764694388,-3.18947866268836,0.14934548809697973,1.0630804221928254
246.8137478688259,97.53576422108408,5.760020686244171,-3.083363501602045,0.14356423351019837,1.08074179231868
251.1401909427061,97.83045381570767,5.750840006520593,-2.978360987397146,0.13787124670504058,1.0981123833330635
255.5424730240696,98.13502448399376,5.743431261640907,-2.8742758377560347,0.1322618817375792,1.1151582845366927
260.0219235086706,98.45001969959563,5.737891947743676,-2.770908504330712,0.12673137042256788,1.131839617807633
264.5798950954843,98.7759909636824,5.734351298455581,-2.668054349382694,0.12127490668621957,1.1481088730320395
269.21776419519205,99.11348999506019,5.732976381499947,-2.56550313932513,0.11588778069972452,1.1639088126716024
273.9369313458276,99.46305750026283,5.733979863177975,-2.463039066935686,0.11056558748372333,1.1791698371668318
278.7388216357115,99.82520728813762,5.7376298872433225,-2.360441633450375,0.10530454660270917,1.1938066817716821
283.6248851337965,100.20040407020022,5.744262634244198,-2.257487905157927,0.1001019871930813,1.207714296408506
288.59659732755705,100.58903273433764,5.754298267174871,-2.1539569410123636,0.09495707837687181,1.2207627502301102
293.65545956855703,100.9913561704063,5.768261119037846,-2.049637621200075,0.0898719222341975,1.2327910154420918
298.8029995258236,101.40745784900693,5.786805108357747,-1.9443417721100886,0.08485317808212536,1.2435995457785312
304.0407716471732,101.83716433103612,5.810745410682919,-1.8379255009562603,0.07991445367369739,1.2529417181797062
309.3703576286206,102.27994181537,5.841097218461241,-1.7303231963802375,0.07507977296337282,1.260514526001593
314.7933668920168,102.73475997459492,5.879121682724067,-1.621600952210267,0.07038847732677364,1.265949515635117
320.31143707106224,103.1999162389573,5.926377245552458,-1.5120394986653292,0.06590183961862559,1.2688060142691495
325.92623450583613,103.67281542696729,5.984770400268438,-1.4022612666947976,0.06171123334071358,1.2685704099320323
331.6394547459949,104.14970501546296,6.056591393072886,-1.2934217126609553,0.05794643821485933,1.264667775131465
337.452823062795,104.62537818222981,6.1445040495032694,-1.187489854179241,0.05477994018298465,1.2564953496256106
343.3680949700848,105.09287853357905,6.251429766891838,-1.087641931914146,0.0524188660037034,1.2434904053207754
349.3870567544352,105.54327481827116,6.38021885602315,-0.9987722242095574,0.05107337768467871,1.2252452959364672
355.5115260145596,105.96561874735866,6.532940599859796,-0.928059097271928,0.05089687758958271,1.2016752198183138
361.7433522101885,106.34724011004387,6.709578769253829,-0.8853679969533803,0.05191516391960205,1.173223125040214
368.0844172205693,106.67453737649795,6.905996442159385,-0.8829887774995637,0.05398357520856578,1.1410487403323781
374.5366359127535,106.93434053193462,7.11144560199401,-0.9338674657807565,0.0568020149735655,1.107106903384635
381.10195671984377,107.11572480902839,7.306842954102721,-1.0475089946746328,0.05997990057913457,1.0740090027624543
387.78236222938233,107.21188466875032,7.466154909949079,-1.2239064028249538,0.06311792661780101,1.0446227961073924
394.57986978204906,107.22149049870075,7.562912284090927,-1.448485935777686,0.06587771778132702,1.0214999285617
401.4965320808543,107.14902648388852,7.580318600840464,-1.6929253367004302,0.06802467575408641,1.006345184089303
408.5344378110141,107.0039756304943,7.518704437174286,-1.9237979779655214,0.06944026524558526,0.9997449341150019
415.6957122706864,106.79917034541744,7.39455820342599,-2.1141837548144267,0.07010839476453043,1.0012343893657907
422.9825180127679,106.54888218481449,7.232286786424954,-2.2506027276531446,0.0700866031476047,1.0096124360498377
430.39705549793854,106.267171334876,7.055164190497142,-2.3324809483876177,0.06947401587725317,1.0233320017603567
437.9415637591524,105.96677012709276,6.8802716643634625,-2.3672499798475157,0.06838459094183537,1.0408257462071786
445.6183210777805,105.65852329505566,6.717721957998109,-2.3652709678235437,0.06692908794542163,1.0607083794177776
453.4296456716028,105.35125988011129,6.57215457049962,-2.3365853128944853,0.06520531739563697,1.0818632904990286
461.3778963948586,105.05193279605984,6.444701230815086,-2.2895003271864978,0.06329446168660416,1.1034501339122729
469.4654734505737,104.7658873166801,6.334577921143522,-2.2303135927751394,0.061261076715299796,1.1248709109351396
477.6948191153692,104.49716526889614,6.240132148741411,-2.1635509346168313,0.0591549246291118,1.1457212991136638
486.068418476976,104.24879289729398,6.159447056068195,-2.092351691031164,0.0570134575439031,1.1657423186231242
494.58880018468136,104.0230291923625,6.090653022520529,-2.018836639381874,0.05486430824549602,1.184778988915115
503.2585372129242,103.82156854065563,6.032067513480002,-1.9444049115377746,0.05272749516802872,1.2027477285196557
512.0802476382815,103.64570019720682,5.9822423621527685,-1.8699553399742619,0.05061724929468052,1.219611895955642
521.0565954300712,103.49643057488532,5.939965269968773,-1.7960446621326014,0.04854347100934769,1.2353640064752638
530.1902912548117,103.37457505651571,5.904241347171627,-1.7229980436924057,0.04651286717855835,1.2500130415250776
539.4840932947902,103.28082542226538,5.874268164700555,-1.6509854401914321,0.04452983068896342,1.2635754587574857
548.9408080809709,103.21579784930844,5.8494109282652005,-1.5800742417808338,0.042597122725482044,1.2760687876408903
558.563291340511,103.1800651745439,5.829180746937386,-1.5102658393319426,0.0407164111262567,1.2875069610942886
568.3544488591286,103.17417587025331,5.813217128222771,-1.4415215861597859,0.03888871063152689,1.297896753396676
578.3172373585863,103.1986609959838,5.801274957022996,-1.373782106711652,0.03711476478480248,1.3072348653310348
588.454665389562,103.25402922024281,5.79321583619624,-1.3069829165439595,0.03539540544511399,1.3155053284734877
598.7697942401657,103.34074877995678,5.789003513854074,-1.2410687609036204,0.03373192447990404,1.3226770067095677
609.2657388603812,103.45921387266615,5.7887030317036166,-1.1760088779872022,0.032126492886734415,1.328701073384131
619.9456688027195,103.60969135834483,5.792483069781858,-1.111815509339764,0.030582664247896522,1.3335084616199786
630.8128091793537,103.79224170166508,5.800620588816128,-1.0485684030541447,0.029105999421704363,1.3370074579003082
641.8704416360329,104.00660578965876,5.813506063682892,-0.9864487779038791,0.027704841913676215,1.339081885762125
653.1219053430736,104.252046754764,5.831646002382069,-0.9257871770709873,0.026391246689255767,1.3395907806828613
664.5705980037142,104.52713372735055,5.855656475719478,-0.8671305918093947,0.025181997865146584,1.3383711857963054
676.2199768801522,104.82945379139979,5.8862361814579485,-0.8113344562910401,0.024099509758314135,1.335246801261667
688.0735598375637,105.15524195344186,5.924099088169629,-0.7596828282163759,0.023172155954710626,1.3300467239337657
700.1349264064206,105.49893150399377,5.96983439959267,-0.7140314464912948,0.022433216491962647,1.3226401645654915
712.4077188634379,105.85265640889835,6.023647630486193,-0.6769463130923958,0.021917314345914853,1.3129938671296275
724.8956433314615,106.20579261075912,6.084931339939179,-0.6517648948679091,0.021653322888392442,1.3012566664878777
737.6024708986364,106.54471093755208,6.15164544456559,-0.6424321608403764,0.02165384211919211,1.2878661562600788
750.5320387571999,106.85301452585341,6.219606214450082,-0.6528833954457,0.021903651908095848,1.2736515518148004
763.6882513622296,107.11258679336537,6.282033932698632,-0.685762192856771,0.022352011951791966,1.2598764021565028
777.0750816107044,107.30566645514203,6.330005931349861,-0.7405713305595999,0.02291415370630371,1.2481438572958368
790.6965720412396,107.41778789101866,6.354419861372172,-0.8120526162947531,0.023484364531511984,1.2401143451905
804.5568360548422,107.44084817976204,6.3491901785341724,-0.8902026886738166,0.023957624450549497,1.2370862208694473
818.6600591570757,107.37515699324132,6.313987602797823,-0.9627823715273889,0.024251861291672075,1.2396149505156608
833.0105002219921,107.22954879195169,6.254508965052109,-1.0192610779423412,0.024322020393132752,1.2473732964031177
847.6124927782184,107.0195038435652,6.180017610883105,-1.0537591707623846,0.02416152208258005,1.2593214315672818
862.470446317597,106.76413153325828,6.099972750759785,-1.0654795273194444,0.02379329360979049,1.274069138092626
877.5888476267505,106.48317090196562,6.021714096442867,-1.0571783955268432,0.02325655615242912,1.2902361194471959
892.9722621420035,106.19480532456096,5.9497829247108385,-1.0331608399653458,0.02259503371623518,1.3066820572540943
908.6253353280432,105.9145067403584,5.8863380092988855,-0.9978058023730348,0.021849257452765405,1.322587534163053
924.5527940807524,105.65471744028122,5.831934172549612,-0.9548309847481059,0.021052954860459397,1.3374328019352393
940.75944815463,105.42504283476879,5.786226826182796,-0.9070915584430914,0.020232284651698313,1.3509312082392386
957.2501916152388,105.23267008630421,5.748464095265759,-0.8566513768800131,0.019406594383476042,1.362956132415318
974.030004317104,105.08282550927704,5.717781070310035,-0.804949587509887,0.018589765077282053,1.3734796789463326
991.1039534075288,104.9791707201149,5.693354594227277,-0.752974245484312,0.017791625667747255,1.3825278992664896
1008.4771948567632,104.92409377275985,5.674472620592054,-0.7014103235448841,0.017019213997369782,1.3901510350956507
1026.1549750149943,104.9188807794802,5.660555401944838,-0.6507567568129533,0.0162778255205729,1.3964054506117063
1044.1426321966403,104.96376347383509,5.6511501205235195,-0.6014175503813067,0.01557186313982105,1.4013442385967503
1062.445598292399,105.05784093150749,5.645909361205265,-0.5537744640467454,0.01490552190856496,1.405014496766317
1081.0694004095712,105.19887071341161,5.644555835692225,-0.5082472783279032,0.014283325732576093,1.407460524045228
1100.0196625411263,105.38292726035424,5.64683029991929,-0.46534410513609675,0.013710492800730412,1.4087332807855388
1119.3021072640306,105.60393760846976,5.65241593999876,-0.42569801191370016,0.01319303871820479,1.4089072591207246
1138.922557467338,105.85313884552525,5.660832229146391,-0.39007648384854166,0.012737439516364035,1.4081058516508105
1158.88693811059,106.11857066444365,5.671298666209882,-0.35933686591825253,0.012349606871318718,1.4065343371291985
1179.201278013015,106.3848263479327,5.682591196250297,-0.3342888760345038,0.012032973147436536,1.4045141962616494
1199.8717116741157,106.6334131452907,5.6929565362463865,-0.3154308156208655,0.01178580240341997,1.402502936520738
1220.90448112615,106.84412976134637,5.7001981948738925,-0.30257786561345773,0.011598524082743299,1.401073519764825
1242.3059378190928,106.99769262990736,5.702047456874349,-0.2945147688238127,0.011452648358609176,1.4008285275563555
1264.0825445386445,107.07930495999888,5.6968038476570415,-0.2889219650562707,0.01132285082481733,1.4022516596539438
1286.2408773578468,107.0821160096882,5.683984760135483,-0.2827847753087549,0.011182376711432516,1.4055501269745492
1308.7876276229254,107.00912495892588,5.66457989176122,-0.2732029002184715,0.011009630392409094,1.410574763328176
1331.729603973931,106.87259552132107,5.640705603260025,-0.2581828209109858,0.0107927279153786,1.4168717264576636
1355.0737344008005,106.69126771412927,5.614874525428516,-0.23698984372952253,0.010530147360137394,1.4238355092684922
1378.8270683354704,106.48664637522565,5.589312552448424,-0.20998162745492535,0.010228126530542633,1.4308758379501239
1402.996778780648,106.27972236994901,5.565601529061824,-0.17816593809417683,0.009896886171347477,1.43752676212696
1427.5901644759124,106.088845456231,5.544647529100354,-0.1427676492012442,0.009547446236766387,1.4434810503973292
1452.6146521017756,105.92876513611863,5.526828253464957,-0.10494774775323057,0.009189727894503622,1.4485728293491542
1478.077798522384,105.81048067487853,5.512181090178798,-0.06567993117397196,0.008831812291920435,1.4527394782013965
1503.9872930675256,105.74148845428907,5.500558610633448,-0.025732464003992907,0.008479931960831974,1.4559838908954474
1530.3509598546548,105.72611698998288,5.491731237926804,0.014297768300572637,0.00813880881433826,1.4583462604076438
1557.1767601515978,105.76576523233548,5.4854419504515235,0.053933823072851175,0.0078120897611164055,1.4598870817586012
1584.4727947806964,105.8589556802137,5.481424033302668,0.09276826532549061,0.0075027458854404535,1.4606800446298867
1612.2473065650818,106.00118057917804,5.479390966013815,0.13042316542976942,0.007213362623528355,1.4608129091682072
1640.5086828178248,106.184575939159,5.47900468008767,0.16652761097983537,0.006946265824506041,1.4603945102277862
1669.26545787474,106.39753530782657,5.479828296318478,0.2007220865926818,0.00670342002766921,1.4595655921223263
1698.526315671559,106.62447913063602,5.48127564027388,0.23270183030078648,0.006486037935241668,1.4585092498296457
1728.300092366308,106.84614666967875,5.482583282954784,0.2623083962107108,0.006293899889654362,1.4574533101315212
1758.5957790076325,107.04083157888763,5.482845524776081,0.28966042017584087,0.006124547895101014,1.4566540324202413
1789.422524249906,107.18690166920328,5.48115193062572,0.31527539287689027,0.005972770698298727,1.4563525532491712
1820.789637115924,107.26641810075547,5.476822040598336,0.3400949197517335,0.005830925487974821,1.4567089862572324
1852.7065898080407,107.26891611278903,5.469648211023079,0.36533762091170524,0.005690357165943525,1.457740531448905
1885.1830205685649,107.19388051187204,5.460003487903126,0.39220197132146023,0.0055434657654444075,1.4593008497861768
1918.2287365903085,107.05082387856899,5.448732645923508,0.42156188690331736,0.005385411164712562,1.4611185865665162
1951.853716978153,106.85710852386279,5.436892108021664,0.4538129077758696,0.005214656516917102,1.4628738392532823
1986.068115762517,106.63482039736178,5.42549597489463,0.4889109436156846,0.005032369148093916,1.4642694333036603
2020.8822649656736,106.40822683354767,5.41538419628373,0.5265184157548525,0.0048413426486936225,1.4650670628948488
2056.306677721785,106.20261077495604,5.407224585743382,0.5661360916029999,0.004645164646734027,1.4650876180308154
2092.352051451661,106.0439967979754,5.401584359809992,0.6071350491531896,0.00444807093778405,1.4641964849127798
2129.029271093142,105.95751806836432,5.398965417738047,0.6486528866032115,0.004255620699357653,1.4623060875573621
2166.3494123881283,105.96003729030716,5.3996457182785935,0.6893926050547625,0.004075844304652248,1.4594372856171438
2204.3237452272065,106.04356712244395,5.403152625611841,0.7275761575805169,0.0039191523577364815,1.4558654844816818
2242.963737052934,106.15943144200548,5.40757629113738,0.7616314634398444,0.00379357150549114,1.4522429845378355
2282.2810563227445,106.23257438817458,5.4098862993088055,0.7917381784500129,0.003695702032116766,1.449375978155892
2322.2875760325924,106.21258975990801,5.408018380941124,0.820409206298253,0.0036092983519693147,1.447615754319591
2362.9953773023367,106.10575997585681,5.402417030642501,0.8505979699523382,0.003517800031029281,1.4466050753626225
2404.416753023976,105.95422814275159,5.395001048469811,0.8837142117254803,0.0034146149490239877,1.445713605127355
2446.56421157386,105.80137775472492,5.387477058649761,0.9196594612111646,0.003301371145378943,1.4444854045925222
2489.45048058993,105.67712660934545,5.380782260343976,0.9577531814299259,0.0031823394678923657,1.4427181100643935
2533.088510815217,105.59890192332135,5.375289889457178,0.9973192007803728,0.003061378748296022,1.4403640858503852
2577.4914800086776,105.57632704432201,5.371112698181978,1.0378408074113408,0.0029412875558921725,1.4374374982130367
2622.6727969246062,105.61395605358983,5.368290488511542,1.0789147983109986,0.0028241474835593687,1.4339684290548578
2668.646105361783,105.71017600869679,5.366857638304344,1.120138388200817,0.0027119352472235437,1.4299956991595772
2715.4252882836204,105.85046221961366,5.366780670761338,1.1609747166959836,0.0026071613531254718,1.4255963112709278
2763.024472010524,105.9956456372326,5.367714035402805,1.2007058401040043,0.0025129846661829775,1.4209498264703861
2811.4580304857377,106.07701407808153,5.368650154624504,1.2387523480383635,0.0024315402997241043,1.416381956705478
2860.7405896159744,106.02764100989842,5.36809483563965,1.2754934934210396,0.002360254136547549,1.4122154389026726
2910.887031688118,105.84671985038312,5.365296323030444,1.3125187799838882,0.0022914331381820433,1.408435757895176
2961.912499863367,105.6122909958194,5.3610157904684765,1.351313463532162,0.002218693513295987,1.4046680336246178
3013.832402750153,105.41360044451454,5.356549449426868,1.3921837941206228,0.0021412317418468083,1.40055343241776
3066.662419057204,105.29841254678536,5.352707972560766,1.434666480831438,0.00206143734009838,1.3959508661789932
3120.418502328182,105.2756173468477,5.349763582137724,1.4782149515872536,0.00198181213646046,1.3908650093994834
3175.1168857593243,105.33511818959084,5.34774757067395,1.5224314140293402,0.0019040696778199469,1.3853440414574731
3230.7740871015085,105.45825530825807,5.346649733215366,1.5670081554207238,0.0018294540285062725,1.3794387477096404
3287.406913648273,105.61286943341408,5.346442115018694,1.6115809198943072,0.0017593510436221217,1.37321594586974
3345.0324673112664,105.73457141586879,5.346891352055949,1.6556154666554936,0.0016956803120454968,1.366814390087251
3403.6681497846544,105.71442794065872,5.347169346974895,1.6986430630470655,0.001639876084760824,1.3604891515540922
3463.331667800068,105.46272496295293,5.345969804666617,1.7411544453027992,0.0015896029196594765,1.3544437498492188
3524.0410384736497,105.05007049098597,5.342969348626929,1.7848068485335262,0.0015385890434198818,1.3484858072429515
3585.814594746849,104.68074504087633,5.339391996622837,1.830660816867958,0.0014833448313328426,1.342187222139045
3648.6709909225856,104.48754787482855,5.33646363516825,1.8784276661622703,0.0014253080601458689,1.3353357735735025
3663.7905923030207,104.46945624635644,5.335929219354876,1.8899959783741587,0.001411396062691312,1.3336232331551718
3678.972847276086,104.46042767848152,5.335464271485391,1.9016222565685805,0.001397516167367282,1.3318810182357383
3694.218015469834,104.46012612383652,5.335072800172776,1.9132967569007455,0.0013837030367027101,1.3301100501709888
3709.526357588181,104.46732591698648,5.334755662932346,1.9250098943456655,0.0013699900712619158,1.3283118691616542
3724.898135415365,104.48087875397943,5.334513809032506,1.936751574071822,0.001356411913005328,1.3264881074084567
3740.333611820424,104.49953369645966,5.334347306903559,1.9485109219782737,0.0013430052617184063,1.3246407176454222
3755.83305076169,104.52192650494106,5.334254871820354,1.9602761105906799,0.0013298093643134582,1.3227720873146536
3771.396717291301,104.54657365880762,5.334233244765579,1.9720343802285176,0.0013168658057545212,1.3208851470039464
3787.024877559737,104.57187743884504,5.334276471669979,1.9837723507109495,0.0013042173014948004,1.3189834469020971
3802.717798820368,104.59615188994867,5.334375201030047,1.9954767093815773,0.0012919052423260675,1.3170711638426147
3818.475749434029,104.61767892220053,5.334516183581315,2.007135314303311,0.0012799659208528272,1.3151529976468315
3834.298998873602,104.63479986098804,5.3346822031341805,2.018738656919577,0.001268425700569151,1.3132339238609732
3850.187817728633,104.64604120425625,5.334852647454463,2.0302815028856904,0.001257295804622856,1.3113187961702473
3866.142477709955,104.65017258741447,5.335005575710372,2.0417635661048728,0.001246570590367202,1.3094118334104143
3882.163251654324,104.64668981558759,5.335116688698222,2.0531937454708453,0.0012362141003415407,1.3075160946515643
3898.250413529105,104.6352887860295,5.335167372457481,2.0645839217296427,0.0012261816509763104,1.305633016337988
3914.404238436946,104.61645355582603,5.3351417993578485,2.075953454709575,0.00121640546731453,1.3037622114271266
3930.62500262048,104.5911590426458,5.335030888801505,2.087324581792818,0.0012068104836582484,1.3019015184182101
3946.912983467054,104.56078934919202,5.334832467633172,2.0987203708884974,0.0011973211790197045,1.3000473360171276
3963.268459513471,104.52695309653839,5.334550539670552,2.1101626214599394,0.001187868231931751,1.2981951301266796
3979.691710450752,104.49146233923061,5.334195709972336,2.1216676150693274,0.001178401821078742,1.296340097332633
3996.18301712892,104.45573723518648,5.333778636551725,2.1332515679163415,0.0011688733710263704,1.294477443915218
4012.7426615618047,104.42082744258698,5.33331320569341,2.1449228386792667,0.0011592601387798939,1.2926031385947385
4029.3709269318606,104.3897935907704,5.332818562667907,2.1566834537888635,0.001149559944671068,1.2907133347183959
4046.068097595013,104.36098178380686,5.332301102002421,2.168538100658628,0.0011397612867337164,1.2888060090212554
4062.83445908552,104.33605876592162,5.331775083033303,2.1804836218757453,0.001129877675101082,1.2868791266318458
4079.670298120857,104.31518524013936,5.331250262804837,2.1925184525460595,0.001119917044963451,1.284931212636442
4096.575902606613,104.29838988882867,5.330733502932396,2.2046366866482656,0.0011099001934400919,1.2829620639484633
4113.551561641426,104.28544372305487,5.330231017906384,2.2168346046217824,0.0010998407919555365,1.2809712525105268
4130.597565521914,104.27639360987146,5.329746064186942,2.2291088872682345,0.0010897508196984556,1.27895881248575
4147.714205747647,104.2693680264502,5.329282207215653,2.2414550323277025,0.0010796456149196158,1.2769249495234378
4164.901775026131,104.265239978257,5.328845607863702,2.253865529836715,0.001069549408271613,1.2748699769164917
4182.160567277811,104.26270586572534,5.328434235924038,2.266342301203246,0.0010594573017644318,1.272793980697899
4199.490877641101,104.26081571153249,5.328052442967671,2.2788798778373045,0.0010493868611294475,1.2706972622557722
4216.893002477425,104.2577251510807,5.327695863695294,2.291474270036912,0.0010393504384062335,1.2685813230037648
4234.367239376294,104.2558902919294,5.327386318431697,2.3041306053828388,0.0010293348723647339,1.2664418139511386
4251.913887160385,104.24866712055099,5.327096861690134,2.3168323507072417,0.0010193878676878537,1.264286117809977
4269.533245890658,104.23911974809008,5.326852010414428,2.3295860700385402,0.0010094918989972802,1.2621092435198176
4287.225616871486,104.2252043928753,5.326649720180879,2.3423843551289454,0.0009996687971914064,1.2599129706945589
4304.991302655809,104.20600328388355,5.326492962851989,2.355220840030066,0.000989937281126021,1.2576981047929174
4322.830607050296,104.18082645954811,5.326384023347332,2.3680874633736195,0.000980320567684558,1.255465878984754
4340.743835120558,104.14925474622599,5.326323525887365,2.380974610758072,0.0009708457907702628,1.2532180807816689
4358.731293196359,104.1118307841526,5.326309388265044,2.3938677113024336,0.000961553486498037,1.2509578062842073
4376.793288876846,104.06814998684823,5.3263348505839705,2.406760912790427,0.0009524584485265351,1.248687352691443
4394.930131035819,104.02008359147489,5.326391375099887,2.4196387323016095,0.0009436020791620441,1.246410968196304
4413.142129827008,103.96918522195236,5.326463511970044,2.432493794855764,0.0009350017098187231,1.2441325104688123
4431.42959668938,103.91759404807651,5.32653371515598,2.4453225074014444,0.0009266634787141585,1.2418554330758256
4449.792844352461,103.867647761455,5.326583088786165,2.4581272936343987,0.000918576456309882,1.239582261473096
4468.232186841688,103.82157441219249,5.326594054295468,2.4709169048065243,0.0009107124285489651,1.2373141234367133
4486.747939483775,103.78119170274519,5.326552844965172,2.483705449532164,0.0009030292394907882,1.2350505483025047
4505.340418912108,103.7476903535227,5.326451236939488,2.496510374563084,0.0008954768619767717,1.2327895820157695
4524.009943072163,103.72155020534103,5.326287117566763,2.5093499762753355,0.0008880044605887087,1.2305281698974873
4542.756831226933,103.70259118444109,5.326063909625127,2.5222411052831695,0.0008805666006998866,1.2282626791973075
4561.581403962398,103.69014637062821,5.325789257092485,2.5351975075730486,0.0008731274700442571,1.2259894153622384
4580.483983193003,103.67647888569729,5.325467170232544,2.5482351533054453,0.0008656458208299089,1.2237048259966117
4599.4648921671605,103.67939231288966,5.325124788233438,2.5613441251302,0.0008581516798326659,1.2214066861659012
4618.524455472783,103.67873540551915,5.324757625774477,2.574542811634597,0.0008505973883335531,1.2190923069848574
4637.662999042832,103.6795582792751,5.324380282807794,2.5878256560524684,0.0008430005566659776,1.2167605732258926
4656.880850160889,103.67967437623052,5.324000140770509,2.601193341941371,0.000835361585625752,1.2144103246924625
4676.178337466758,103.67974095484803,5.323623119849525,2.61464636911213,0.0008276812342282165,1.212040669086171
4695.555790962078,103.67227316326247,5.32325727474602,2.628169535748692,0.0008200010792399997,1.2096532779858937
4715.013542015975,103.66275345663183,5.322909031634379,2.641778608287602,0.0008122818331388036,1.2072445017042608
4734.55192337072,103.6457501249316,5.322575520056731,2.655456851245384,0.0008045679092645153,1.2048178490504156
4754.171269147425,103.6210771680558,5.322264735421199,2.6692064552874246,0.0007968551104014879,1.2023719395865335
4773.871914851755,103.58770262722811,5.321980008872952,2.6830217642995913,0.0007891590030687039,1.1999074741604907
4793.654197379664,103.54498814452688,5.321725256625879,2.696910643997249,0.000781460697112822,1.1974226430539792
4813.518455023165,103.49329463095063,5.321504262266279,2.7108535882336455,0.0007738105442497316,1.1949206387563693
4833.46502747609,103.42255123170571,5.321324399748481,2.7246986565460833,0.0007665894292535684,1.1924282939759079
4853.4942558399325,103.368070347421,5.321178561533143,2.7389033806046648,0.0007586526071879351,1.1898635461778333
4873.606482629661,103.29912895699891,5.32107827919317,2.7529925931597368,0.000751189509034009,1.1873114842262988
4893.802051779577,103.23073677505013,5.321020732058265,2.76711415386697,0.0007438296098518382,1.1847458125404813
4914.081308649202,103.16616418688557,5.320999124574495,2.781254680859177,0.0007366049239100332,1.1821700523213532
4934.444600029179,103.11102839066655,5.321016662700161,2.795411910883552,0.0007295202404082504,1.1795844162779556
4954.892274147207,103.06760015406982,5.32106046911338,2.809572801550319,0.000722605472185052,1.1769931065902783
4975.424680673992,103.03837700522584,5.321118387942994,2.823730839116166,0.0007158741066414328,1.174398994968653
4996.042170729228,103.02414131271246,5.321180028676548,2.8378833022145615,0.0007093302487712165,1.1718039945749599
5016.745096887603,103.02379665496149,5.3212315565655475,2.852029669934625,0.000702972351067318,1.1692099922023151
5037.533813184827,103.03438053827391,5.321259196791665,2.8661730867807793,0.0006967900882236247,1.1666181389041026
5058.408675123684,103.05128365252271,5.321250103999734,2.8803204255225365,0.000690764520845885,1.1640287336128603
5079.370039680117,103.06937984891866,5.321196087054814,2.894483094605344,0.0006848667088052346,1.1614406371763228
5100.418265309328,103.07388405025121,5.321059590132218,2.9086662784961943,0.00067908097853319,1.1588572670300774
5121.553711951908,103.0708276474472,5.32088512401433,2.9229004228445565,0.0006733385728296209,1.156267687982438
5142.776741039994,103.04537392201229,5.320638637330674,2.937196896138453,0.0006676113668471604,1.1536737145258689
5164.0877155034495,102.99379318258778,5.3203312865732215,2.951575347929373,0.00066185571436364,1.1510703225497538
5185.486999776071,102.91546272808235,5.319977692795844,2.966051086713495,0.0006560390526266287,1.1484529326849788
5206.974959801818,102.80627703940795,5.31957689157659,2.980653316266924,0.0006500969608200786,1.1458162229188593
5228.551963041074,102.6820635916276,5.319179071926758,2.9953680745611906,0.0006440669490281604,1.1431570941419564
5250.218378476928,102.55009967680535,5.318794510627456,3.0102052976296108,0.0006379294987337293,1.1404726749179783
5271.9745766214855,102.41865321808879,5.318433820586069,3.0251523038979538,0.0006317161620159209,1.137764260742535
5293.820929522205,102.30691287121215,5.318125519267392,3.040196104258079,0.0006254593804910697,1.1350313160445054
5315.7578107682575,102.22123712618227,5.317869537978417,3.0553176539067013,0.0006192028997518558,1.1322776105469567
5337.785595496919,102.16713560101363,5.317667764308541,3.070501794677108,0.0006129811385671619,1.1295059963764387
5359.90466039999,102.14549801586726,5.317515634748704,3.085733721102822,0.0006068267656053664,1.1267199501599703
5382.115383730213,102.15373366634708,5.317406392278808,3.1010030383307874,0.0006007620737607657,1.1239223478041946
5404.418145307775,102.18703947935497,5.317330833042593,3.1163077871561837,0.0005947904780790873,1.121114737443376
5426.813326526783,102.23930799127919,5.317262911358406,3.1315955497682735,0.0005890233690539503,1.1183096272320556
5449.30131036179,102.3046015676281,5.317250992819874,3.146977396616465,0.0005832224473205896,1.1154818331276817
5471.88248137434,102.39167269747405,5.317291343489943,3.1623128664055375,0.0005776890231856903,1.112657839811082
5494.557225719555,102.45037898445415,5.317216836409034,3.177750930506048,0.000572095097275584,1.1098270437724216
5517.325931152727,102.5197804226798,5.317202175551473,3.193175035839877,0.0005666973845310637,1.106993529844677
5540.188987035955,102.57924964290359,5.317182438176687,3.20862716298262,0.000561402262096051,1.1041561532039312
5563.146784344801,102.62334119296314,5.317142562768979,3.2241086875685205,0.0005562053149740133,1.1013161915375367
5586.199715674978,102.6461340581165,5.317101905500826,3.239623739953859,0.0005510982710320443,1.0984710947538379
5609.348175249064,102.64218653318325,5.317036523089014,3.2551744164166347,0.0005460749758109351,1.0956228244900834
5632.59255892324,102.61016366039648,5.316945202101095,3.270751604017423,0.0005411535940402815,1.0927731947093042
5655.933264194065,102.53708629354996,5.316830668875203,3.2863973786116927,0.0005362475229159099,1.0899142648214162
5679.370690205265,102.43463960699536,5.316677021125001,3.3020849506881094,0.0005314110052674048,1.0870524299345772
5702.90523775457,102.30374194458847,5.316487754539394,3.317836842331842,0.0005265984895752838,1.08418324048604
5726.537309300558,102.1567066146294,5.316272153674488,3.3336629009043235,0.0005217911998805672,1.0813040784053527
5750.267308969541,101.99989036704702,5.316022437878081,3.349576532976964,0.0005169628062789064,1.0784132119256673
5774.095642562477,101.85099861710191,5.315758760877839,3.365582700347884,0.0005121057369825566,1.0755080118719884
5798.022717561909,101.72249694877273,5.315491668162681,3.3816918446102755,0.0005072012412700106,1.0725857561853722
5822.048943138933,101.61558811269322,5.315231670292484,3.3978872052811195,0.000502284444627326,1.0696487450792944
5846.174730160194,101.54476764508718,5.314987929578207,3.414176187587909,0.0004973423597476243,1.0666950180659727
5870.400491194913,101.5029334189473,5.314768279631515,3.4305499473099066,0.0004923938176509306,1.0637257318298312
5894.726640521943,101.48894152000396,5.314578802625166,3.4470000432688215,0.00048745638347904674,1.0607421418132301
5919.153594136851,101.50053617735601,5.314421334981594,3.463527275085357,0.00048252929453294023,1.0577441838791297
5943.681769759038,101.51769998863493,5.314293138982663,3.480151365698835,0.0004775754415800912,1.0547287237661198
5968.311586838872,101.55304641191978,5.314177713939406,3.496759443918064,0.0004728101893432635,1.051717808243972
5993.043466564872,101.5911505671732,5.3141214273396145,3.51344110317282,0.0004680638038595701,1.048691716578937
6017.877831870909,101.62078798536753,5.314075128646529,3.5301820601410756,0.00046336172065521836,1.0456571084954185
6042.815107443416,101.6372605802865,5.314054384406258,3.5469652728764416,0.00045873666056409464,1.0426160629220347
6067.855719728692,101.63397688583439,5.314054196286042,3.56378644727273,0.0004541960479717131,1.0395699283533515
6093.000096940159,101.60345112435898,5.314069545590686,3.5806418216699623,0.0004497461341038573,1.0365199343756637
6118.248669065705,101.55206312863547,5.314099100041992,3.5975211898321007,0.00044540501720394975,1.0334681839959248
6143.601867875024,101.47163972035487,5.314137842482662,3.6144272157017916,0.000441166669168411,1.030414706729985
6169.06012692701,101.36597711718917,5.314138911725172,3.631349218871357,0.0004370474556995687,1.0273648566053541
6194.623881577165,101.24465734895841,5.314134675801098,3.6483036698955162,0.0004330178729873139,1.0243134202197774
6220.293568985043,101.13188730651346,5.314029537250993,3.6652325601587767,0.0004291769783587359,1.0212774441498398
6246.069628121732,100.9994276341213,5.313987657860221,3.6823145953783527,0.0004252106534422883,1.0182135955079505
6271.952499777357,100.89375216733086,5.313863989573733,3.6993947615998533,0.00042139056314983894,1.0151596540104195
6297.942626568615,100.79270099646757,5.313659479229933,3.7165935282352436,0.000417502262386721,1.0120938534416029
6324.04045294635,100.71422492628143,5.313449705022227,3.733867041566203,0.0004136282947881013,1.009019108532003
6350.246425203149,100.64387896855264,5.313206029600754,3.7512503320290183,0.0004097068005906817,1.0059311186778523
6376.560991480974,100.58698680315273,5.312956210034016,3.7687390562946996,0.00040574821259248647,1.0028290051044522
6402.98460177883,100.54029419478958,5.312710762350731,3.7863337127709458,0.0004017535727229915,0.9997121932908185
6429.517707960456,100.49925329592826,5.31248151352062,3.8040305945916866,0.0003977311509046909,0.996580820482442
6456.160763762053,100.52424703893871,5.31242525346039,3.8219454643171336,0.00039349065516027177,0.9934052688294976
6482.914224800044,100.41541519712652,5.312096947464733,3.839696684854918,0.0003896673385565615,0.9902799026391729
6509.7785485788645,100.37735628977372,5.311967862461225,3.857657384789892,0.0003856431175072169,0.9871108423907299
6536.754194498789,100.32622963787949,5.311861331687331,3.8756845092944134,0.00038165562065770183,0.983934172194379
6563.841623863782,100.26876905708909,5.311785766032772,3.893776022933641,0.0003777087755393486,0.9807500012816336
6591.041299889393,100.20285262113492,5.311746005330972,3.911920855243795,0.0003738212959743775,0.9775602515545716
6618.353687710669,100.12480877102263,5.311732796790484,3.9301122610061325,0.00037000381654208784,0.9743668456704413
6645.779254390127,100.05658049520343,5.311751264397959,3.9483479594943844,0.0003662599422342566,0.971170121708792
6673.318468925703,99.98504091880042,5.311796101102652,3.9666123802233586,0.0003626144715629226,0.9679732948562019
6700.97180225882,99.89361924680752,5.311820034579196,3.984909637011525,0.0003590580128967764,0.9647782369285484
6728.739727282414,99.81631187307488,5.311851457451267,4.003229697844519,0.00035560708205966264,0.9615853349013554
6756.622718849019,99.73983471503504,5.311864172454877,4.021573670577152,0.0003522577938576754,0.9583958042829964
6784.621253778902,99.66419470892748,5.3118458896196605,4.039956634380925,0.0003489845927863108,0.9552076751468036
6812.735810868204,99.58528030247112,5.311774247509737,4.05839849913096,0.00034575443495819407,0.952018593267396
6840.966870897134,99.49316734031738,5.311647142133367,4.076885591900988,0.0003425887602092316,0.9488310115246236
6869.314916638189,99.39166440700347,5.31147214389789,4.095471459422596,0.0003394037600660304,0.9456353437174558
6897.780432864412,99.28804946284912,5.311257788696834,4.114173718563804,0.00033617353800238634,0.9424282430978607
6926.363906357677,99.1686186622685,5.3110238060254416,4.132984293828686,0.00033291297434423457,0.9392103409792132
6955.06582591702,99.06754495158742,5.310799144378698,4.1519413963223855,0.00032956570789603826,0.9359740218862356
6983.886682366992,98.96374332594206,5.310584168806997,4.170990486369685,0.0003262173997806162,0.9327288545043471
7012.826968566058,98.87908009060381,5.310376177498743,4.190141596040932,0.0003228534900818863,0.9294734565083778
7041.887179415017,98.8154030765782,5.310213575641147,4.209385405247621,0.00031949038291309134,0.9262081031088542
7071.067811865476,98.75402230305158,5.310093114480939,4.228613387838994,0.0003162916747893222,0.9229516193006716
