frequency_hz,spl_db,pressure_real_pa,pressure_imag_pa,impedance_real_ohm,impedance_imag_ohm,excursion_peak_mm,throat_velocity_rms_m_s
300.0,98.80920886069019,0.2122216599528924,1.7308128440658013,6.379578337132544,-4.4254821563679885,0.1765056518851801,1.6745487122817364
301.7584122557068,98.82818172068724,0.2893242384185174,1.7234719880289335,6.352401118811166,-4.331495974365024,0.17424162503017632,1.6629178555563835
303.52713122361683,98.8469438807857,0.3663937974438754,1.7126127236290967,6.326489712780079,-4.240047416149968,0.17199650057530383,1.6512724342820972
305.3062173152268,98.86551696272508,0.4432718164388775,1.6982174571694433,6.301769367421392,-4.151026295884841,0.16977068857971242,1.63961768610865
307.0957312961286,98.88392207749857,0.5197980658289771,1.680275208895535,6.2781708052263205,-4.064328473031601,0.16756456652231927,1.6279586483921376
308.8957342880829,98.90217981974665,0.5958108276404899,1.6587817148503579,6.255629751931428,-3.9798554578136036,0.16537848032990315,1.6163001605213887
310.7062877711085,98.92031026322327,0.6711471194763589,1.6337395265633277,6.234086511952517,-3.8975140458853645,0.1632127454236597,1.604646866633158
312.52745358558127,98.93833295724312,0.7456429224236644,1.6051581086671332,6.213485585017191,-3.8172159798748266,0.1610676477789876,1.5930032186772456
314.35929393434685,98.9562669240386,0.8191334134597852,1.5730539344710641,6.193775319515504,-3.7388776356522673,0.15894344499365062,1.5813734797942889
316.2018713848447,98.97413065693685,0.8914532029414051,1.5374505794456295,6.174907598625256,-3.6624197313567572,0.15684036735984191,1.569761727970675
318.0552488712463,98.9919421192927,0.9624365777761441,1.4983788125061883,6.156837555735199,-3.587767057373547,0.15475861893603635,1.558171859936754
319.9194896966031,99.00971874409244,1.0319177508825985,1.4558766849069023,6.139523316096302,-3.51484822560646,0.15269837861488605,1.5466075952763882
321.7946575350095,99.02747743415945,1.0997311175491695,1.4099896164854586,6.122925761985796,-3.4435954365265435,0.15065980118374364,1.5350724807175775
323.68081643377775,99.04523456289267,1.1657115192995124,1.3607704789251664,6.107008318979068,-3.3739442626055216,0.14864301837474406,1.5235698945758462
325.5780308156251,99.06300597546938,1.2296945158652837,1.308279675626425,6.091736761195825,-3.3058334468584345,0.14664813990168912,1.5121030513238258
327.4863654808752,99.08080699044612,1.291516665854709,1.2525852177051566,6.077079033624976,-3.2392047153258123,0.1446752544812757,1.5006750062622352
329.40588560966984,99.09865240169844,1.351015816688611,1.1937627955621672,6.063005089841854,-3.174002602423579,0.14272443083650846,1.4892886602693018
331.33665676419633,99.11655648063294,1.408031404352468,1.131895845391091,6.049486743614993,-3.1101742881769323,0.14079571868039137,1.4779467646072597
333.2787448909264,99.13453297862523,1.4624047634879356,1.0670756099210528,6.036497533061952,-3.0476694464364362,0.13888914967826035,1.4666519257662987
335.2322163228685,99.15259512961926,1.513979448312038,0.9994011926126417,6.024012596156287,-2.986440103248498,0.13700473838735452,1.4554066103279641
337.19713778183467,99.17075565284378,1.5626015648175766,0.9289796044544948,6.012008556514128,-2.9264405046200035,0.13514248317243577,1.4442131498314237
339.17357638071724,99.18902675559323,1.6081201146633834,0.8559258024327983,6.000463418500426,-2.867626992979338,0.13330236709648582,1.4330737456276288
341.16159962578297,99.20742013602435,1.650387351115338,0.7803627186731414,5.989356470793861,-2.8099578916920804,0.13148435878568562,1.421990473707672
343.1612754189778,99.22594698593649,1.6892591473475032,0.7024212791835005,5.978668197637193,-2.753393397041837,0.12968841326806646,1.4109652894930607
345.17267206024667,99.24461799347753,1.7245953773481149,0.6222404110526484,5.968380197077735,-2.6978954771336667,0.12791447278537676,1.4000000325768054
347.19585824986547,99.263443345752,1.7562603096153242,0.5399670368911972,5.958475105572004,-2.643427777220904,0.12616246757785535,1.3890964314054646
349.2309030907893,99.28243273128494,1.7841230137510997,0.4557560552306803,5.948936528390352,-2.5899555309955207,0.12443231664173002,1.3782561078932904
351.27787609101046,99.3015953423125,1.8080577799860569,0.36977030553036117,5.939748975312404,-2.5374454774185784,0.12272392845938786,1.3674805819607665
353.33684716593393,99.32093987686999,1.8279445515827601,0.2821805163744857,5.9308978011533595,-2.4858657827000816,0.12103720170225918,1.3567712759906838
355.407886640765,99.34047454063766,1.8436693699699074,0.19316523537909067,5.922369150705063,-2.4351859670679206,0.11937202590655768,1.3461295191957963
357.491065252911,99.36020704853242,1.8551248323659852,0.10291073926725684,5.914149907715172,-2.3853768359934513,0.11772828212210706,1.3355565518929926
359.58645415439884,99.38014462600512,1.862210561537352,0.011610922512026865,5.9062276475629165,-2.3364104155662577,0.1161058435345465,1.3250535296795152
361.69412491430285,99.4002940100315,1.8648336872260958,-0.08053283710708044,5.898590593321602,-2.288259891734394,0.1145045760612871,1.3146215275076016
363.8141495211908,99.42066144977035,1.8629093386564082,-0.17331183774005843,5.8912275749263285,-2.2408995531471474,0.11292433892163035,1.3042615436543874
365.94660038558266,99.44125270686902,1.8563611473970754,-0.26651023924616374,5.8841279911909945,-2.1943047373574993,0.11136498518152148,1.2939745035845953
368.0915503424229,99.46207305540565,1.8451217597185332,-0.35990527731013794,5.8772817744415695,-2.148451780158738,0.10982636227343477,1.2837612637038818
370.2490726535702,99.48312728144361,1.829133357429789,-0.4532675077218631,5.870679357553333,-2.1033179678469276,0.10830831249193926,1.2736226150013685
372.41924101029707,99.50441968219351,1.808348186024803,-0.5463610826745162,5.864311643198434,-2.0588814922151855,0.1068106734654977,1.2635592865800227
374.6021295358087,99.52595406476155,1.782729088795403,-0.6389440609557279,5.8581699751270175,-2.0151214081003244,0.10533327860508952,1.2535719490741073
376.7978127877739,99.54773374448808,1.7522500453937848,-0.7307687539181035,5.852246111320366,-1.9720175933146744,0.10387595753025107,1.2436612179530764
379.0063657608722,99.56976154285385,1.7168967131332984,-0.8215821091150344,5.846532198868308,-1.9295507108078447,0.10243853647314188,1.2338276567115993
381.2278638893543,99.59203978495978,1.6766669691233589,-0.9111261334789362,5.841020750435683,-1.8877021729140198,0.10102083866125257,1.2240717799456264
383.46238304962066,99.61457029656702,1.631571451121287,-0.9991383578949333,5.8357046221939335,-1.8464541075499123,0.09962268467935977,1.2143940563144646
385.7099995628104,99.63735440070525,1.5816340947700405,-1.0853523449874034,5.8305769931042475,-1.805789326238227,0.09824389281135121,1.2047949113891496
387.97079019740994,99.66039291383952,1.526892664658698,-1.169498241883597,5.825631345448039,-1.765691293839152,0.09688427936251441,1.195274730387283
390.24483217187435,99.68368614160504,1.4673992764092714,-1.2513033796499957,5.820861446509018,-1.726144099880756,0.0955436589628953,1.1858338607947556
392.53220315726463,99.7072338741101,1.4032209067453758,-1.3304929210085925,5.816261331319051,-1.687132431385764,0.09422184485230718,1.1764726148746747
394.8329812799022,99.73103538081477,1.3344398882456148,-1.4067905578319084,5.8118252863869175,-1.6486415470990734,0.09291864914756655,1.1671912720639182
397.1472451240348,99.7550894049987,1.2611543852240614,-1.479919259785088,5.807547834335736,-1.610657253026184,0.0916338830925136,1.1579900812576598
399.4750737345222,99.7793941578181,1.183478846910351,-1.5496020753259656,5.8034237193807705,-1.5731658791983043,0.0903673572913581,1.1488692629821968
401.81654661953587,99.80394731198159,1.1015444338341593,-1.6155629860957856,5.799447893584748,-1.5361542575850269,0.08911888192587612,1.1398290114563403
404.17174375327386,99.82874599504981,1.0154994130388744,-1.6775278155190207,5.795615503832943,-1.4996097010801006,0.08788826695696274,1.1308694965415522
406.5407455786941,99.85378678237964,0.9255095174740519,-1.7352251921913058,5.791921879474939,-1.4635199834902917,0.08667532231102885,1.1219908655809445
408.9236330102598,99.87906568974546,0.8317582646405344,-1.788387568362396,5.788362520584234,-1.4278733204610836,0.08547985805170644,1.1131932451270823
411.3204874367042,99.90457816564957,0.734447229284828,-1.8367522935078424,5.7849330867909625,-1.392658351276885,0.08430168453731078,1.1044767425584843
413.73139072381065,99.93031908336488,0.6337962646743561,-1.8800627426419931,5.781629386646654,-1.3578641214766067,0.08314061256448405,1.09584144758453
416.1564252172083,99.95628273272885,0.5300436667226271,-1.9180694986344209,5.7784473674834835,-1.3234800662288277,0.0819964534984311,1.0872874336384122
418.59567374518457,99.98246281173984,0.42344627498843906,-1.9505315873709124,5.775383105733774,-1.2894959944133644,0.0808690193901295,1.07881475915753
421.04921962151565,100.00885241798593,0.31427950433989266,-1.9772177641257616,5.772432797678496,-1.2559020733590283,0.07975812308088623,1.0704234687507008
423.5171466483096,100.03544403995599,0.20283730086527213,-1.9979078490008246,5.769592750596565,-1.2226888141897296,0.07866357829459208,1.062113594251352
425.9995391188706,100.06222954828212,0.08943201542697361,-2.0123941087259833,5.766859374289427,-1.1898470577333045,0.07758519971800472,1.053885155655729
428.4964818205773,100.08920018696733,-0.02560581189843933,-2.020482681508071,5.764229172958103,-1.1573679609498142,0.07652280306938238,1.0457381619450734
431.0080600377785,100.11634656465714,-0.14192776336803226,-2.0219950409606042,5.761698737412379,-1.1252429838379028,0.07547620515577179,1.0376726117905755
433.53435955470775,100.14365864601805,-0.259167958055562,-2.0167694944434995,5.7592647375944,-1.0934638767798248,0.07444522391924238,1.0296884941398168
436.07546665841085,100.17112574329424,-0.37694357623986036,-2.0046627103921857,5.7569239154011065,-1.0620226682876046,0.07342967847235347,1.0217857886833925
438.63146814169465,100.19873650811847,-0.4948555006351844,-1.9855512684186543,5.7546730777924715,-1.0309116531142992,0.07242938912312305,1.0139644662002447
441.2024513060912,100.22647892365282,-0.6124890812988164,-1.9593332251236646,5.752509090174612,-1.0001233806963679,0.07144417738977484,1.0062244887803673
443.7885039648393,100.25434029714837,-0.7294150308782452,-1.9259296876777032,5.750428870049118,-0.9696506438944832,0.07047386600552663,0.9985658099234218
446.38971444588384,100.28230725301584,-0.8451904566036316,-1.8852863863052804,5.7484293809221185,-0.9394864680018714,0.06951827891368927,0.9909883745119358
449.00617159489394,100.31036572650694,-0.9593600350840572,-1.837375235851908,5.746507626468731,-0.9096240999908204,0.06857724125334586,0.9834921186578128
451.63796477829527,100.33850095810502,-1.0714573355167563,-1.782195875628047,5.74466064495064,-0.8800569979697275,0.06765057933589325,0.9760769694210828
454.2851838863238,100.36669748874132,-1.1810062963622203,-1.7197771757228755,5.742885503886667,-0.8507788208244328,0.06673812061272837,0.9687428443999152
456.947919336096,100.39493915594747,-1.2875228598595205,-1.6501786969628265,5.741179294978187,-0.8217834180195701,0.0658396936343868,0.9614896511913029
459.62626207469634,100.42320909107139,-1.3905167679528085,-1.5734920906754495,5.739539129293331,-0.7930648195372724,0.06495512800145344,0.9543172867220655
462.3203035822856,100.45148971768228,-1.4894935222579366,-1.4898424234111467,5.737962132715812,-0.7646172259323224,0.06408425430758584,0.9472256364502197
465.03013587522264,100.4797627512931,-1.5839565096112727,-1.3993894107940419,5.736445441666224,-0.7364349984850014,0.06322690407502367,0.9402145734372819
467.75585150920904,100.50800920055079,-1.673409293508833,-1.3023285437343053,5.734986199105433,-0.7085126494346373,0.062382909682979916,0.9332839572925543
470.49754358245,100.53620937002357,-1.7573580703441205,-1.198892089346384,5.733581550831595,-0.6808448322793079,0.061552104289351525,0.9264336329911165
473.2553057388337,100.56434286474614,-1.8353142878012314,-1.0893499481154165,5.732228642083932,-0.6534263321292195,0.06073432174622086,0.9196634295679349
476.0292321711316,100.59238859666274,-1.9067974210339336,-0.9740103481418415,5.730924614468083,-0.6262520561039001,0.05992939650966439,0.9129731586913215
478.81941762421275,100.62032479313338,-1.971337900378411,-0.8532203567109946,5.729666603219238,-0.5993170237659463,0.05913716354443363,0.9063626131198613
481.62595739828186,100.64812900764815,-2.0284801822937704,-0.7273661889901147,5.728451734820689,-0.5726163575867776,0.05835745822411848,0.8998315650479036
484.4489473521338,100.67577813291854,-2.0777859530201455,-0.5968732933903607,5.727277124996463,-0.5461452734428629,0.057590116227461165,0.893379764345777
487.28848390642725,100.70324841649702,-2.118837452082941,-0.4622061930607174,5.72613987709767,-0.5198990711441095,0.0568349734315445,0.8870069367020788
490.1446640469798,100.73051547908251,-2.1512409002769886,-0.3238680631414243,5.725037080902907,-0.493873124999163,0.056091865802631966,0.8807127816765458
493.0175853280779,100.75755433566673,-2.1746300141467167,-0.18240002382254228,5.723965811853422,-0.46806287442621874,0.0553606292855061,0.8744969706734433
495.90734587581056,100.78433941967283,-2.188669586259921,-0.03838012995574068,5.72292313074383,-0.442463814621062,0.054641099692198776,0.8683591448466176
498.81404439142045,100.81084461022796,-2.1930591077773167,0.10757796101353245,5.72190608388899,-0.417071487298285,0.05393311259108029,0.8622989129489429
500.0,100.82152853577726,-2.1920240235618804,0.1672923207357043,5.7214994667696315,-0.4068117497273329,0.05364869284240042,0.8598585025312583
501.7377801546754,100.83704326270694,-2.1875364069819314,0.2548266596666463,5.720911703786903,-0.39188147152509695,0.05323650319732255,0.8563158491402283
504.6786530272583,100.8629082426795,-2.1718812745857,0.4026864689311523,5.719937010296521,-0.3668893746712638,0.052551106265813434,0.8504094907692038
507.6367634561805,100.8884119633685,-2.1459190438119937,0.550448375129137,5.71897901234782,-0.3420908235024664,0.051876755987646024,0.8445793361466214
510.6122124772092,100.9135264267289,-2.1095240905209534,0.6973766162598929,5.71803471019946,-0.31748145544857326,0.05121328589136112,0.8388248423280595
513.6051017183205,100.93822326823046,-2.0626232160370113,0.8427118350782328,5.717101098256943,-0.2930569100817587,0.05056052875015016,0.8331454229262995
516.6155334031704,100.96247380541216,-2.0051988729226062,0.9856746211539187,5.716175168461039,-0.2688128208434811,0.049918316496266914,0.8275404459745942
519.6436103545851,100.98624909025892,-1.9372921917759791,1.1254694422934028,5.715253914252789,-0.24474480706265125,0.04928648014391285,0.8220092318633236
522.6894359980756,101.00951996542159,-1.8590057652768848,1.2612889614765461,5.7143343351172105,-0.22084846631054417,0.04866484972186981,0.8165510513736128
525.753114365367,101.0322571242839,-1.7705061442364372,1.392318730825096,5.713413441703195,-0.19711936714109946,0.04805325421715723,0.8111651238324885
528.8347500979536,101.05443117484361,-1.6720259993868927,1.5177422491022798,5.712488261511878,-0.17355304226738208,0.04745152153096326,0.8058506154147703
531.934448450673,101.07601270735631,-1.5638659021538337,1.636746363881134,5.711555845140137,-0.15014498222719957,0.04685947844807388,0.8006066376174593
535.0523152953003,101.0969723656455,-1.446395677744355,1.7485269938582153,5.7106132730596615,-0.12689062959205646,0.04627695062096922,0.7954322459325844
538.1884571241648,101.11728092196402,-1.3200552846384566,1.8522951408953434,5.709657662905526,-0.10378537377427403,0.04570376256968694,0.790326438744356
541.342981053788,101.13690935524264,-1.1853551760348302,1.9472831553078882,5.7086861772413195,-0.08082454648696794,0.04513973769846428,0.7852881564760922
544.5159948285406,101.1558289325294,-1.042876101041341,2.032751211776029,5.707696031760795,-0.058003417910671914,0.04458469833006403,0.7803162810116033
547.7076068243232,101.17401129340136,-0.8932683064543304,2.107993947131062,5.706684503878642,-0.035317193618313356,0.04403846575855766,0.7754096354145407
550.9179260522687,101.19142853705556,-0.737250103866759,2.1723472052527404,5.70564894165582,-0.012761012307589874,0.04350086032119666,0.7705669839677234
554.1470621624642,101.2080533117977,-0.5756057716194444,2.2251948285540335,5.704586772997584,0.00967005561424643,0.04297170148983249,0.765787032552438
557.3951254476985,101.2238589065587,-0.40918276674215365,2.2659754301066504,5.7034955150554305,0.03198100855300049,0.04245080798216496,0.7610684293854165
560.6622268472264,101.238819344073,-0.2388882285324116,2.2941890755476333,5.702372783757627,0.05417691332332367,0.041937997892897594,0.7564097661283897
563.9484779505595,101.25290947529359,-0.06568476273629813,2.3094037996006227,5.701216303386935,0.07626290379049484,0.04143308884466308,0.7518095793819664
567.2539910012775,101.26610507458975,0.10941449661300943,2.3112618784978682,5.700023916118787,0.0982441785387993,0.0409358981583604,0.7472663525721268
570.5788789008614,101.27838293525465,0.28535154185903355,2.2994857769271135,5.698793591428831,0.12012599755609192,0.04044624304230749,0.7427785182337214
573.9232552125495,101.28972096480011,0.46102984766595684,2.273883686460595,5.697523435275077,0.1419136779337173,0.03996394079937659,0.738344460691278
577.2872341652189,101.30009827951548,0.6353214031580148,2.2343545718865903,5.696211698957805,0.16361258859131675,0.03948880905103864,0.733962519133042
580.6709306572826,101.30949529773457,0.8070743849658738,2.1808926425315076,5.694856787559149,0.18522814404689425,0.03902066597700649,0.729630991069667
584.0744602606171,101.3178938312395,0.9751214255043268,2.1135911676269914,5.693457267864729,0.20676579726388497,0.03855933056893452,0.7253481361642924
587.4979392245083,101.32527717423238,1.138288420406341,2.0326455580993965,5.692011875671454,0.22823103161827551,0.03810462289641556,0.7211121804161198
590.9414844796241,101.33163018928937,1.295403808815361,1.9383556418622723,5.690519522388968,0.24962935204036227,0.03765636438331119,0.716921320674955
594.4052136420056,101.33693938972246,1.4453082503845978,1.8311270657958365,5.688979300846963,0.2709662753968006,0.03721437809227019,0.7127737294597087
597.8892450170857,101.34119301778338,1.586864613552478,1.7114717650672886,5.687390490227135,0.2922473201894377,0.03677848901512884,0.708667560049582
601.39369760373,101.34438111815797,1.7189681811533752,1.580007449233266,5.685752560046186,0.3134779956573398,0.036348524366757444,0.7046009518126833
604.9186910983003,101.34649560621993,1.8405569718821408,1.437456064582606,5.684065173125736,0.3346637903775477,0.035924313879817246,0.7005720357332671
608.464345898744,101.34753033054753,1.9506220697438845,1.2846412033109398,5.6823281874953695,0.35581016046811187,0.03550569009782457,0.6965789400956242
612.0307831087069,101.34748112923916,2.048217848555884,1.1224844422172684,5.680541657186733,0.37692251750353817,0.03509248866389066,0.6926197962800925
615.6181245416672,101.34634587960305,2.132471974975214,0.9520006065064289,5.678705831889165,0.3980062162579917,0.03468454860251064,0.6886927446245962
619.226492725098,101.34412454084463,2.2025950715294687,0.7742919677713954,5.676821155450558,0.41906654239514074,0.03428171259182072,0.684795940303772
622.8560109046514,101.34081918943822,2.257889920823461,0.5905413991001828,5.6748882632209225,0.4401087002252538,0.03388382722382591,0.6809275591770186
626.5068030483684,101.33643404689596,2.297760093531494,0.4020045242635385,5.672907978250113,0.4611378006502907,0.03349074325021632,0.6770858035567389
630.1789938509146,101.33097549975378,2.3217178860166583,0.21000091186412131,5.67088130636501,0.4821588494157701,0.03310231581154719,0.6732689078487583
633.8727087378356,101.32445211160615,2.329391458391421,0.0159043789017437,5.6688094301651475,0.5031767357846297,0.03271840464774087,0.6694751440182191
637.5880738698443,101.3168746271311,2.320531070547905,-0.17886751879447638,5.666693701988753,0.524196221742968,0.03233887428808291,0.6657028268362523
641.3252161471281,101.3082559680793,2.29501432201145,-0.3728647196412899,5.664535635913405,0.5452219318404057,0.031963594219125584,0.6619503188653946
645.0842632136842,101.29861122129302,2.252850311324124,-0.5646165121198743,5.66233689886673,0.5662583437593888,0.03159243902916905,0.6582160351448901
648.8653434616783,101.28795761886401,2.194182641865991,-0.7526439026713851,5.66009930093239,0.5873097796978131,0.03122528852826717,0.654498447540754
652.6685860358326,101.27631451062994,2.1192912134171764,-0.9354723765120345,5.657824784945209,0.6083803986383602,0.030862027842990192,0.650796088729638
656.4941208378332,101.26370332923572,2.028592752122032,-1.11164492526904,5.65551541547621,0.6294741895660276,0.03050254748546685,0.6471075557900247
660.3420785307685,101.25014754807717,1.9226400456515544,-1.2797352100671877,5.653173367313612,0.6505949656827388,0.030146743396520775,0.643431513379106
664.2125905435928,101.23567263248387,1.8021198650087713,-1.4383607251622108,5.6508009135493635,0.6717463596549087,0.029794516963001498,0.6397666964786313
668.1057890756139,101.22030598453551,1.6678495693605275,-1.5861958254638335,5.648400413382803,0.6929318199166861,0.02944577500968777,0.6361119126981084
672.021807101011,101.20407688197302,1.5207724052753344,-1.7219844813297327,5.645974299752966,0.7141546080384921,0.029100429766402994,0.6324660441287752
675.9607783733728,101.18701641168464,1.3619515265519755,-1.844552625799904,5.643525066909667,0.7354177971576306,0.028758398811229293,0.628828048746782
679.9228374302686,101.16915739828767,1.1925627752299988,-1.952819962927079,5.641055258030465,0.7567242714557161,0.02841960499092615,0.6251969613687764
683.9081195978426,101.15053432834472,1.0138862781695765,-2.0458111109422017,5.638567452985967,0.7780767266558904,0.028083976319863858,0.6215718941677423
687.9167609954364,101.13118327077765,0.8272969265926271,-2.122665960562132,5.636064256350277,0.799477671502453,0.02775144585895031,0.6179520367611413
691.9488985402371,101.11114179404922,0.634253818025171,-2.182649136655204,5.633548285746492,0.8209294301758093,0.027421951576178404,0.6143366558873874
696.0046699519567,101.09044888069015,0.43628875104075243,-2.2251584605739567,5.631022160609261,0.8424341455874137,0.02709543619053417,0.6107250946901376
700.0842137575319,101.06914483974542,0.2349938729666491,-2.2497323205724222,5.628488491437915,0.8639937834920843,0.026771847001096444,0.6071167716330093
704.1876692958585,101.04727121770631,0.032008589198903266,-2.2560558686724907,5.62594986960465,0.8856101373494228,0.026451135703213443,0.6035111790698796
708.3151767225497,101.0248707084858,-0.17099415007065824,-2.243965973950661,5.623408857772634,0.9072848338612943,0.026133258193676952,0.5999078814981315
712.4668770147222,101.00198706297151,-0.37232206411104785,-2.2134548743033777,5.620867980969476,0.9290193391092828,0.02581817436681508,0.5963065135237943
716.6429119758146,100.9786649986712,-0.5702781308393918,-2.1646724811482896,5.618329718351855,0.9508149652139265,0.025505847903406723,0.59270677756876
720.8434242404265,100.95495010993339,-0.7631754217674344,-2.0979273040647577,5.615796495687614,0.9726728774367371,0.025196246054277713,0.5891084413509613
725.0685572791929,100.93088877920823,-0.9493520517101863,-2.0136859749266693,5.613270678572731,0.9945941016464005,0.024889339420374773,0.5855113351687001
729.3184554036837,100.90652808976088,-1.1271861116574482,-1.9125713634874306,5.610754566391681,1.0165795320718334,0.02458510173103331,0.581915349020195
733.5932637713333,100.88191574023638,-1.2951104537704452,-1.795359288540246,5.608250387021849,1.0386299392669942,0.02428350962206029,0.5783204295889611
737.8931283903971,100.85709996141487,-1.4516271990956755,-1.662973840575189,5.60576029227508,1.0607459782154742,0.023984542415143667,0.5747265771247748
742.2181961249418,100.83212943548297,-1.5953218412099341,-1.5164813432258908,5.603286354062646,1.0829281965065203,0.023688181899984468,0.5711338422489387
746.568614699857,100.80705321807781,-1.7248768225166697,-1.357082991655151,5.600830561264041,1.1051770425184129,0.02339441212042226,0.5675423227111478
750.9445327059043,100.78192066335501,-1.839084464230448,-1.1861062163448963,5.5983948172746345,1.1274928735499576,0.023103219165694282,0.5639521601237198
755.3460996047901,100.7567813522612,-1.9368591360998222,-1.0049948304741294,5.595980938202799,1.1498759638456295,0.022814590967840567,0.5603635366972392
759.7734657342743,100.73168502417708,-2.0172485575647925,-0.815298028190946,5.593590651683388,1.172326512465364,0.022528517106132552,0.5567766719997942
764.2267823133005,100.70668151204904,-2.079444128225946,-0.6186583095894639,5.5912255962715465,1.1948446509551307,0.022244988619275426,0.5531918197600509
768.7062014471637,100.68182068109013,-2.1227901921550156,-0.4167984160987749,5.588887321378492,1.2174304507799352,0.02196399782600644,0.5496092647324282
773.211876132705,100.65715237110555,-2.1467921476364613,-0.21150736729284558,5.586577287709391,1.240083930485995,0.021685538154591708,0.5460293196406303
777.7439602635374,100.63272634245862,-2.1511233213390293,-0.004625696849191234,5.584296868162496,1.2628050625641083,0.021409603981607215,0.5424523222137955
782.3026086353007,100.60859222566461,-2.135630533635165,0.20197000845201535,5.58204734914829,1.2855937799910757,0.021136190480281907,0.5388786323275724
786.8879769509526,100.58479947457415,-2.100338289779711,0.406383157167973,5.579829932287583,1.308449982430774,0.02086529347857988,0.5353086292605349
791.5002218260818,100.56139732308237,-2.045451539902197,0.6067136744308451,5.577645736447938,1.331373542080773,0.020596909327106647,0.5317427090745477
796.1395007942602,100.53843474526253,-1.9713569592414248,0.8010748767083342,5.575495800078934,1.3543643091546071,0.020331034776839126,0.5281812821259521
800.8059723124229,100.51596041883508,-1.8786227087641805,0.9876105766468267,5.573381083807975,1.3774221169933782,0.020067666866604994,0.5246247707128495
805.4997957662795,100.4940226918125,-1.7679966452311253,1.164512290840151,5.57130247325993,1.4005467868038315,0.01980680282017013,0.5210736068622756
810.2211314757616,100.47266955219955,-1.6404029589536562,1.3300364200999213,5.5692607820656495,1.4237381320230502,0.019548439952733945,0.5175282302596449
814.9701407004933,100.45194860056509,-1.4969372268879204,1.4825212689685499,5.567256755026508,1.4469959623124933,0.019292575586583816,0.5139890863216497
819.7469856453023,100.43190702531781,-1.3388598783918588,1.620403768834896,5.565291071403943,1.4703200871865327,0.0190392069756171,0.5104566244126416
824.55182946576,100.41259158048939,-1.1675880809190584,1.7422357670828568,5.563364348305356,1.4937103192824521,0.018788331238405582,0.5069312962035502
829.384836273753,100.39404856583388,-0.9846860631711981,1.8466997432597452,5.561477144139808,1.517166477280621,0.0185399452994495,0.5034135541715112
834.2461711430889,100.37632380902372,-0.791853903784817,1.9326238123107469,5.5596299621191045,1.5406883884847824,0.018294045838248552,0.49990385023764683
839.1360001151368,100.35946264972722,-0.5909148245141668,1.9989958745384944,5.557823253782181,1.5642758910735366,0.01805062924580129,0.4964026345397733
844.0544902044937,100.34350992535056,-0.38380103809379035,2.0449767721537837,5.556057422522592,1.5879288360346602,0.017809691588137663,0.49291035433633296
849.0018094046932,100.32850995819553,-0.1725382125264497,2.0699123131338375,5.554332827101186,1.6116470887947127,0.0175712285764821,0.4894274530373588
853.9781266939409,100.31450654381672,0.04077137454345367,2.0733440246800274,5.5526497851277625,1.635430530556319,0.01733523554364837,0.48595436935802133
858.9836120408868,100.30154294031999,0.2539669054683474,2.055018500909606,5.551008576497512,1.6592790593558955,0.01710170742626838,0.4824915365899946
864.018436410433,100.28966185835961,0.4648482177743852,2.014895212628894,5.549409446769662,1.6831925908542822,0.016870638752467207,0.47903938198577545
869.0827717695684,100.27890545159019,0.6711960135409606,1.9531526511860353,5.5478526104773485,1.7071710588725504,0.016642023634605155,0.4755983262509445
874.1767910932454,100.2693153072987,0.8707929585242692,1.870192683572136,5.546338254359157,1.7312144156848923,0.01641585576672122,0.47216878313936617
879.3006683702877,100.26093243697972,1.0614455332348387,1.7666430022451578,5.544866540504127,1.7553226320798647,0.01619212842632691,0.4687511591463263
884.4545786093322,100.25379726655888,1.2410064846954116,1.6433575606462298,5.54343760940304,1.7794956972006792,0.01597083448021588,0.465345853294704
889.6386978448063,100.24794962601925,1.407397714056059,1.5014148942050813,5.5420515828999735,1.8037336181745183,0.015751966393971556,0.46195325700936546
894.8532031429437,100.24342873812782,1.5586334217037152,1.3421142368375218,5.540708567038753,1.8280364195400245,0.015535516244873943,0.45857375407514056
900.0982726078267,100.24027320599232,1.6928433180963345,1.1669693546612732,5.539408654799752,1.8524041424811817,0.015321475737926173,0.45520772067392984
905.3740853874733,100.2385209991475,1.8082956953889855,0.9777000319540152,5.53815192872297,1.876836843875094,0.015109836224738393,0.45185552549665936
910.6808216799542,100.23820943786356,1.9034201421452186,0.7762211593594749,5.536938463413654,1.901334595159963,0.014900588725028642,0.44851752992607163
916.0186627395509,100.23937517536986,1.9768296712067037,0.5646293910854048,5.535768327927004,1.9258974810288358,0.014693723950516664,0.44519408828653184
921.3877908829418,100.24205417766822,2.0273420192969365,0.34518735640530845,5.534641588028485,1.9505255979534921,0.014489232331007072,0.4418855481573017
926.7883894954318,100.24628170059174,2.0539998663638763,0.12030543123690819,5.533558308326204,1.975219052542071,0.01428710404247475,0.4385922507459543
932.2206430372165,100.25209226376285,2.056089713243234,-0.10747890202037527,5.532518554271505,1.9999779597329055,0.014087329036982909,0.4353145313188468
937.6847370496811,100.25951962108122,2.0331591481814044,-0.33552405382207,5.531522394023504,2.0248024408261327,0.01388989707428053,0.43205271968581327
943.1808581617386,100.26859672735951,1.985032226361008,-0.5611096070394552,5.530569900172639,2.0496926213537265,0.013694797754939909,0.4288071407364332
948.7091940962026,100.27935570070139,1.911822682100506,-0.7814637694192426,5.529661151317552,2.074648628787714,0.013502020554909122,0.4255781150254536
954.2699336762038,100.29182778019486,1.8139446911589374,-0.9937928612778576,5.5287962334886,2.0996705900854975,0.013311554861365562,0.42236595940510374
959.8632668316325,100.30604327848847,1.6921209008961233,-1.1953126685218145,5.52797524141012,2.12475862907042,0.01312339000976716,0.41917098770219674
965.4893846056303,100.32203152876873,1.5473874492491264,-1.3832814570230525,5.527198279592201,2.1499128636451106,0.012937515322005525,0.4159935114380245
971.1484791611134,100.33982082565433,1.3810956999766302,-1.5550344086275913,5.526465463241103,2.175133402834524,0.01275392014557121,0.4128338405891142
976.8407437873393,100.35943835949168,1.1949104317608283,-1.7080192018058415,5.525776918975671,2.2004203436551464,0.012572593893644781,0.4096922843869486
982.5663729065035,100.38091014349575,0.9908042329539731,-1.8398324213764652,5.525132785334979,2.2257737678065608,0.012393526086027954,0.40656915215471817
988.3255620803835,100.40426093318021,0.7710478724386152,-1.9482564421375501,5.524533213060221,2.2511937381815583,0.01221670639082564,0.40346475417905026
994.1185080170179,100.42951413745955,0.5381964406575701,-2.0312963909313932,5.523978365131179,2.2766802951909577,0.012042124666784684,0.40037940261451255
999.9454085774244,100.45669172081162,0.29507108382074854,-2.08721675108045,5.523468416534899,2.302233452899809,0.011869771006184448,0.3973134124184103
1005.8064627823582,100.48581409583404,0.04473618904366887,-2.11457713271499,5.523003553740976,2.3278531949723607,0.011699635778159415,0.3942671023130208
1011.7018708191086,100.51690000551548,-0.2095280808238723,-2.112266692855223,5.522583973854487,2.3535394704242,0.011531709672315125,0.3912407957719459
1017.6318340483408,100.54996639451892,-0.4642579562312824,-2.0795366508630115,5.522209883413932,2.3792921891816112,0.011365983742473213,0.38823482202664705
1023.596555010967,100.58502826875207,-0.715842932577449,-2.01603030881338,5.52188149679753,2.4051112174501217,0.011202449450349818,0.3852495170884608
1029.5962374350684,100.6220985424747,-0.9605672809409274,-1.9218099533399935,5.521599034196944,2.430996372897062,0.011041098708933023,0.3822852247804713
1035.6310862428516,100.66118787219933,-1.1946560642229818,-1.797379986609935,5.521362719113066,2.4569474196561862,0.010881923925278782,0.3793422977724994
1041.7013075576522,100.70230447662439,-1.4143254467951654,-1.6437056104286347,5.521172775323634,2.4829640631667327,0.010724918042389538,0.3764210986111336
1047.807108710969,100.74545394185422,-1.6158369991980712,-1.4622263703979104,5.521029423267675,2.5090459448643805,0.010570074579775468,0.3735220007351767
1053.9486982495487,100.79063901117541,-1.7955556045228054,-1.2548638580218816,5.520932875786645,2.535192636747993,0.010417387672222202,0.37064538946502945
1060.126285942509,100.83785935870154,-1.950010469895838,-1.0240228693477522,5.520883333157221,2.561403635853403,0.010266852106203319,0.3677916629524537
1066.3400827885025,100.88711134624383,-2.075958635254027,-0.7725853309782088,5.520880977345787,2.5876783586745886,0.01011846335327643,0.36496123307470385
1072.5903010229233,100.93838776284997,-2.1704502528534793,-0.503896330143453,5.520925965410084,2.614016135583072,0.00997221759968993,0.36215452625427275
1078.8771541251592,100.99167754654982,-2.2308947855084442,-0.22174162718963927,5.521018421969534,2.640416205308805,0.0098281117713025,0.35937198418238675
1085.2008568258777,101.04696548799924,-2.255127140588894,0.06968391126895716,5.521158430662405,2.6668777095600014,0.009686143552777969,0.356614064420898
1091.5616251143645,101.10423191586777,-2.241472621922098,0.36581743962562135,5.521346024506076,2.693399687876025,0.009546311399865526,0.35388124085337186
1097.9596762458973,101.16345236405212,-2.188809445110229,0.6617791979595249,5.52158117507597,2.719981072825999,0.009408614543409969,0.3511740039519551
1104.3952287491722,101.22459722106706,-2.0966274261563114,0.9524337607914539,5.521863780420465,2.746620685687199,0.009273052983558929,0.3484928608220338
1110.8685024337606,101.2876313622873,-1.9650813221972174,1.232461557373958,5.522193651633247,2.7733172327607694,0.009139627472448682,0.3458383349818354
1117.3797183976205,101.35251376612999,-1.795037180934814,1.4964405602563329,5.522570498012246,2.800069302508704,0.009008339483457806,0.34321096582902794
1123.9290990346485,101.41919711571803,-1.5881099473288574,1.738937814317974,5.5229939107461385,2.8268753637244153,0.008879191164925904,0.3406113077411324
1130.5168680422748,101.48762738814531,-1.3466904886561486,1.9546102182627223,5.523463345086293,2.853733764979947,0.008752185276049868,0.3380399287513863
1137.1432504291035,101.55774343410457,-1.073960139647977,2.138313673583887,5.523978100985248,2.880642735625312,0.008627325102498733,0.33549740873666906
1143.8084725225979,101.62947655137887,-0.7738908468246096,2.2852193821644398,5.524537302213031,2.9076003886487496,0.008504614349146023,0.33298433704960445
1150.5127619768139,101.70275005657217,-0.4512290152925236,2.390935704307402,5.525139874001506,2.9346047257401358,0.008384057007215985,0.3305013095232172
1157.2563477801705,101.77747886039363,-0.11146124323169795,2.4516335872620094,5.525784519315248,2.9616536449319617,0.008265657193096852,0.3280489247739983
1164.0394602632737,101.85356905290051,0.23923971883990952,2.4641731457850273,5.526469693906624,2.9887449512214794,0.00814941895610901,0.3256277797283663
1170.8623311067827,101.93091750626722,0.5940902124338899,2.4262285294018673,5.527193580383549,3.0158763706016054,0.008035346052654099,0.32323846429892555
1177.7251933493276,102.00941150392359,0.945793217389261,2.336407757808294,5.527954061601773,3.043045567944312,0.00792344168443701,0.3208815551412069
1184.6282813954606,102.08892840626353,1.2866588602046847,2.194363762373249,5.528748693789561,3.0702501691851056,0.007813708198877044,0.31855760842951286
1191.571831023669,102.16933536451936,1.608747987184066,2.000892458702322,5.529574679921364,3.0974877882474656,0.007706146750434274,0.316267151602816
1198.556079394425,102.25048909582975,1.9040382203204569,1.758013318504609,5.530428843976924,3.1247560591166286,0.007600756922405236,0.31401067404922095
1205.581265058288,102.3322357339276,2.16461109726747,1.4690276395797945,5.531307606851759,3.1520526734191394,0.007497536309811979,0.3117886167210742
1212.6476279640506,102.41441077116234,2.382857950259023,1.1385495666681225,5.532206964819936,3.1793754237825036,0.007396480065342215,0.30960136070304134
1219.7554094669347,102.49683910874381,2.551701112383452,0.7725049336267181,5.533122471586064,3.206722253133557,0.007297580411908878,0.30744921479299553
1226.9048523368385,102.5793352329352,2.6648258734409787,0.3780932223549587,5.534049225093361,3.234091309940333,0.00720082612728059,0.3053324022005177
1234.096200766622,102.66170353549305,2.7169173746035953,-0.036291589512910824,5.534981860369838,3.2614810092069333,0.007106202008371882,0.3032510465201343
1241.329700380452,102.74373879665127,2.7038953786225415,-0.46118474975458784,5.535914549784524,3.288890098792302,0.0070136883251296295,0.30120515719542534
1248.6055982421897,102.82522684841769,2.623138643815313,-0.8862213790767508,5.53684101213755,3.316317730342448,0.006923260276437881,0.29919461475448833
1255.924142863833,102.90594543462811,2.4736895452555916,-1.300354948288201,5.537754532008215,3.3437635338054914,0.0068348874629854915,0.29721915616485983
1263.2855842139984,102.98566528206845,2.2564287206696925,-1.6921226728296062,5.538647990718941,3.3712276941471258,0.006748533394462571,0.2952783607238997
1270.6901737264632,103.0641513938199,1.9742089790528596,-2.0499547520598744,5.539513910126561,3.3987110285137927,0.006664155050604549,0.2933716369649354
1278.138164308752,103.14116457181852,1.631937611663223,-2.3625219224218035,5.540344510212384,3.4262150617185494,0.006581702517290981,0.2914982111154388
1285.629810350775,103.21646317033391,1.236596701605248,-2.6191131196947937,5.5411317811005825,3.453742097573859,0.006501118719914557,0.28965711768568175
1293.1653677335157,103.28980507569716,0.7971921419713472,-2.8100322774508637,5.541867569686075,3.4812952832929454,0.006422339276345568,0.2878471927888243
1300.7450938377758,103.36094990027172,0.3246239212637336,-2.9270005876546965,5.542543680502205,3.5088786639585154,0.006345292490822325,0.28606707079029686
1308.3692475529579,103.4296613704498,-0.16852714260805451,-2.9635481119629596,5.543151989817168,3.5364972239466246,0.006269899507832449,0.2843151848502903
1316.0380892859139,103.49570987970564,-0.6682976567223494,-2.9153766824199856,5.543684571239659,3.564156912226549,0.006196074641406033,0.28258977185388584
1323.7518809698363,103.55887516876209,-1.159722272931587,-2.780674803692535,5.54413383037182,3.5918646486612085,0.0061237258902042705,0.28088888211655044
1331.51088607321,103.61894908615125,-1.6272894676839933,-2.5603649932867154,5.544492645315672,3.619628308826574,0.006052755642444783,0.2792103941084929
1339.3153696088032,103.67573837439173,-2.0554604047092053,-2.258264865918931,5.544754509169584,3.64745668545925,0.005983061567273052,0.27755203426304276
1347.1655981427243,103.72906742023207,-2.4292339457409042,-1.8811454179539864,5.544913670100786,3.6753594254205963,0.005914537681006349,0.2759114017283603
1355.0618398035263,103.7787809023848,-2.7347363888652927,-1.4386734460061834,5.544965264205006,3.70334694200764,0.005847075568195528,0.27428599769848144
1363.0043642913627,103.82474626750643,-2.959810786456518,-0.9432297814185123,5.544905436215183,3.731430303501077,0.005780565729212088,0.27267325873188514
1370.9934428872014,103.8668559651519,-3.0945781038379754,-0.4096008602721244,5.544731443235859,3.759621099958812,0.005714899018659048,0.2710705932485582
1379.0293484620875,103.90502937544424,-3.1319413574702133,0.14545222250953052,5.544441737078169,3.7879312913659904,0.005649968132903887,0.26947542020586107
1387.1123554864705,103.93921436919483,-3.068004461165553,0.7037360118600396,5.544036021449464,3.816373041259908,0.0055856691009558744,0.26788520880476524
1395.2427400395688,103.96938844921729,-2.902379930440212,1.2462602629178183,5.543515281184296,3.844958540781444,0.005521902731149433,0.26629751798431545
1403.4207798188065,103.99555943311,-2.638363819744945,1.7539423974217614,5.542881781838095,3.8736998286946602,0.005458575966872627,0.26471003443288327
1411.6467541492943,104.01776565147779,-2.282962108176873,2.208351271706586,5.542139039229794,3.9026086132102122,0.005395603107916631,0.26312060788436537
1419.9209439933766,104.03607565052675,-1.8467598703493542,2.5924570434957737,5.541291759828821,3.9316961014179497,0.0053329068597287865,0.2615272825748354
1428.2436319602182,104.05058740359098,-1.3436325125786432,2.8913521577392403,5.540345754144068,3.960972841777713,0.005270419180543827,0.259928323903492
1436.6151023154644,104.06142705139814,-0.7903065830518755,3.0929087481496573,5.539307826399417,3.990448584461392,0.0052080819055024445,0.2583222395592842
1445.0356409909468,104.06874720504534,-0.20578561384453548,3.188340075855219,5.538185644697338,4.020132163434574,0.005145847136798332,0.2567077946257328
1453.5055355944514,104.07272485793307,0.3893364137951897,3.1726378392069003,5.536987596522983,4.050031403083684,0.00508367739893879,0.25508402044333117
1462.0250754195406,104.07355896272156,0.973645529376755,3.04486298356885,5.535722634795067,4.08015305101581,0.005021545567705955,0.25345021727327993
1470.594551455433,104.07146773635907,1.5257294602383022,2.808274601837383,5.534400119721873,4.110502737468593,0.0049594345897962565,0.2518059510512507
1479.2142563969485,104.06668576014587,2.0250154135118517,2.470289166614643,5.53302966149014,4.141084960645961,0.004897337016958653,0.2501510447312451
1487.8844846544964,104.059460942756,2.4525882505140904,2.042270179560599,5.531620968341941,4.17190309630852,0.004835254383471272,0.24848556488720727
1496.6055323641374,104.05005141226489,2.791954559662193,1.5391558988495806,5.530183703934284,4.202959429144887,0.0047731964588779135,0.24680980435789973
1505.377697397694,104.03872239896751,3.0297209233182905,0.9789397152512963,5.528727357091042,4.234255202861213,0.004711180409094517,0.24512426178719526
1514.2012793729325,104.02574316458292,3.1561587655619308,0.3820236859214755,5.527261126210348,4.265790685560669,0.004649229898462769,0.2434296189297268
1523.076579663786,104.0113840258369,3.1656332386657593,-0.22952950003991948,5.525793819742299,4.297565246834404,0.004587374163341085,0.2417267165663334
1532.0039014106546,103.995913511993,3.0568793225995723,-0.8328173600632996,5.524333773351485,4.329577443028968,0.004525647084707207,0.2400165298126356
1540.9835495307575,103.97959568716905,2.833114359398141,-1.404960292460941,5.522888783665622,4.3618251073595,0.004464086283349187,0.23830014351628628
1550.0158307285483,103.96268765967787,2.5019823477581973,-1.9239741405840223,5.5214660579108665,4.394305441866897,0.00440273225687794,0.23657872833309393
1559.1010535061896,103.94543729261451,2.0753312603241785,-2.3696208389428914,5.52007217826043,4.427015108631226,0.004341627573308801,0.23485351795796036
1568.2395281740894,103.92808112270116,1.5688302510289212,-2.724206450243411,5.518713079378733,4.459950318116857,0.004280816131584254,0.23312578787097277
1577.4315668615059,103.91084248827053,1.0014387808643637,-2.973297852171107,5.517394037422771,4.49310691300435,0.004220342495340784,0.23139683584822726
1586.6774835271985,103.89392986229805,0.3947443417740735,-3.1063319781947785,5.51611966865416,4.526480446334083,0.004160251302597018,0.22966796438565779
1595.9775939701588,103.87753538265954,-0.22781043119604066,-3.1170947391846733,5.514893935803273,4.560066253226575,0.0041005867509394485,0.22794046509542173
1605.3322158403914,103.86183356926071,-0.8417869092429563,-3.0040504589090635,5.513720160393904,4.5938595158405455,0.004041392155243042,0.2262156050600168
1614.741668649773,103.84698021632366,-1.4226685212515304,-2.7705067798290925,5.512601039365241,4.627855321573736,0.003982709572983956,0.22449461506985563
1624.2062737829528,103.83311144780636,-1.9468078932373214,-2.424604493542679,5.511538664501393,4.662048714799751,0.003924579490752235,0.22277867962523146
1633.726354508338,103.82034292459267,-2.3923713775663678,-1.9791265987082707,5.510534543382885,4.696434742666464,0.0038670405646066964,0.22106892855252086
1643.302235989133,103.80876919356831,-2.7402479962793724,-1.4511260745674235,5.509589620797807,4.731008495660093,0.0038101294063769067,0.21936643006577383
1652.9342452944443,103.79846317088524,-2.9748892127082978,-0.8613773669231685,5.5087042997831395,4.765765143767996,0.003753880407848844,0.21767218509695255
1662.6227114104524,103.78947575447128,-3.08504608952355,-0.23366239152595222,5.507878461702373,4.800699969156464,0.003698325594916699,0.21598712271942497
1672.3679652516537,103.78183556404065,-3.0643714008346215,0.40609207930013796,5.507111484998991,4.835808396321922,0.003643494504193149,0.21431209649832902
1682.1703396721527,103.77554881035667,-2.9118562722195294,1.0308025481968959,5.506402262493191,4.871086020678177,0.0035894140752025967,0.21264788161666265
1692.0301694770385,103.77059929917912,-2.6320740681622334,1.6133130658766597,5.5057492173090905,4.906528636511979,0.0035361085521030474,0.210995172646144
1701.947791433816,103.76694857902649,-2.2352086728644527,2.127540128427745,5.505150317729522,4.942132265174747,0.003483599389867746,0.20935458185590936
1711.9235442839165,103.76453624546605,-1.7368501417555744,2.549636924164893,5.504603091473275,4.97789318428174,0.0034319051609867355,0.2077266379789181
1721.957768754255,103.76328041792534,-1.1575480229095105,2.859130595752896,5.50410464007231,5.013807958559533,0.0033810414600072202,0.20611178538464828
1732.0508075688776,103.76307840782556,-0.5221214826251341,3.039982202554976,5.5036516541903,5.04987347281903,0.003331020804603044,0.2045103836363113
1742.2030054606632,103.76380759894997,0.1412643505596072,3.0815166060066423,5.503240430863008,5.08608696733263,0.003281852533330382,0.20292270744051186
1752.4147091831,103.76532656217124,0.8022348725051333,2.979169038077169,5.502866893748651,5.122446075661444,0.00323354270176273,0.2013489470259404
1762.686267522127,103.76747642672554,1.4295219130681929,2.734997142271956,5.502526617543326,5.158948864712852,0.0031860939802669996,0.19978920901416009
1773.0180313080477,103.77008252889107,1.9924127917570924,2.357912261105056,5.502214857732843,5.195593876514594,0.003139505558232854,0.19824351786846753
1783.4103534275175,103.77295635602022,2.4622736526867315,1.863592062000219,5.501926586806664,5.232380170875908,0.0030937730610329354,0.19671181802467144
1793.8635888355877,103.77589779913974,2.814076774374827,1.2740484729440764,5.501656537941359,5.269307367780465,0.003048888487287726,0.19519397681880524
1804.378094567836,103.77869772069977,3.027852292756615,0.6168403435221689,5.501399256960796,5.306375688035957,0.0030048401750357025,0.19368978832957398
1814.9542297525563,103.78114083542748,3.089978829737243,-0.07606103829358421,5.501149163091995,5.343585990410782,0.002961612806059434,0.1921989782462154
1825.5923556230348,103.78300889173217,2.9942260324594536,-0.7697241146208299,5.500900618658172,5.3809398032443445,0.002919187457776129,0.1907212098540804
1836.2928355298745,103.78408412891461,2.742466048665236,-1.4279745694918873,5.50064800739005,5.418439348350547,0.002877541711666192,0.18925609119990203
1847.0560349534146,103.7841529719445,2.344981297341121,-2.0153028708796734,5.500385820507046,5.456087554972322,0.002836649826101448,0.18780318345633779
1857.8823215162113,103.78300991135117,1.820312948307998,-2.4988652945419045,5.500108749146046,5.493888061613839,0.0027964829796040115,0.18636201045193546
1868.772064995594,103.78046150155004,1.1946181551373354,-2.850464454927399,5.499811781130311,5.531845203796851,0.0027570095880248653,0.1849320692702201
1879.7256373362957,103.77633039758288,0.5005334744538263,-3.0483838977462066,5.499490299517095,5.569963986169454,0.00271819569595176,0.18351284175345356
1890.7434126631542,103.77045933875905,-0.2244245053172406,-3.078947783257021,5.49914017988728,5.608250037937587,0.002680005438983962,0.18210380667717643
1901.8257672938992,103.76271497901057,-0.9398547862887752,-2.9376826724211393,5.4987578829934405,5.646709551275135,0.002642401569560538,0.18070445229623497
1912.9730797519935,103.75299145891213,-1.6047627218561236,-2.6299747856024838,5.498340539209825,5.685349203163678,0.002605346035074162,0.17931428890743506
1924.1857307795694,103.74121361394785,-2.1800144054094974,-2.171142770254594,5.497886021264632,5.72417606196965,0.0025688005933536227,0.1779328610339365
1935.4641033504297,103.7273397182944,-2.6308002221011573,-1.585881845467322,5.497393002002713,5.763197480922176,0.002532727447577246,0.1765597588170392
1946.8085826831352,103.71136367327361,-2.9289405033226,-0.9070779398223724,5.496860994425802,5.802420981441811,0.0024970898805774014,0.17519462820564458
1958.2195562541517,103.69331656445618,-3.0548661542665445,-0.17403688067840292,5.496290371966373,5.8418541299195565,0.0024618528675440132,0.17383717956403544
1969.6974138110907,103.67326753050901,-2.999120657295536,0.5697800948979966,5.495682367826315,5.881504411996488,0.0024269836464677597,0.1724871943739465
1981.2425473860212,103.65132390931072,-2.763256743266385,1.2793814726601467,5.495039053190843,5.921379108602209,0.0023924522273014743,0.17114452978403044
1992.855351308858,103.62763065116982,-2.360039638315768,1.9110649209777986,5.494363295136462,5.9614851779511175,0.0023582318236592195,0.1698091208533685
2004.5362222208316,103.6023690137676,-1.8129162346087455,2.4252433366562864,5.493658696010252,6.001829147371499,0.0023242991946997144,0.16848098043856852
2016.2855590880329,103.57575457706757,-1.1547619222854975,2.7890824659459827,5.492929516891441,6.042417018279203,0.002290634889349436,0.16716019677827793
2028.1037632150487,103.5480346375089,-0.42596972595582694,2.9787629259158113,5.492180588393221,6.083254186854576,0.002257223389848892,0.16584692892661163
2039.9912382586556,103.5194850580238,0.32800467640881553,2.981201895086423,5.49141721248036,6.124345382102103,0.002224053156379926,0.1645414002709322
2051.9483902416164,103.49040666298785,1.0594875715594951,2.7951049357208784,5.490645059146492,6.165694622040246,0.0021911165789040904,0.1632438904340611
2063.9756275665422,103.46112127462638,1.7216373357248649,2.4312633879992354,5.48987006171806,6.207305187855861,0.002158409846026609,0.16195472590289223
2076.0733610298516,103.431967489502,2.2714996426906255,1.9120638345846124,5.489098314254342,6.249179615029078,0.0021259327434956835,0.16067426974331814
2088.242003835788,103.40329629099209,2.6728652598779408,1.2702292531667203,5.488335974036291,6.291319699740645,0.0020936883967482244,0.15940291075637036
2100.4819716105426,103.37546658653638,2.8987397464200266,0.546862730059002,5.487589171532385,6.333726518349758,0.002061682972708652,0.1581410524053266
2112.7936824164453,103.34884074796334,2.9332586786179253,-0.21108948321849977,5.4868639295519825,6.3764004573906155,0.002029925355908813,0.1568891018024333
2125.1775567662476,103.32378022023134,2.772916674829931,-0.9538010235713695,5.4861660925990305,6.419341251380937,0.00199842681305522,0.15564745899172006
2137.63401763748,103.30064124954245,2.4270208099316615,-1.631772394318324,5.485501266766281,6.462548025749648,0.00196720065859611,0.15441650670625695
2150.163490486911,103.27977076698906,1.9173261216193225,-2.199083314055434,5.484874769898825,6.506019342350335,0.001936261931819853,0.15319660071892724
2162.7664032650614,103.2615024495183,1.2768599679122419,-2.6164871629215942,5.484291591229721,6.549753245301382,0.0019056270937293394,0.1519880608495693
2175.4431864308344,103.24615296684226,0.5479903551868456,-2.854150912077786,5.4837563592636736,6.593747305252962,0.0018753137495429624,0.15079116264152603
2188.1942729662105,103.23401841150786,-0.2201613076088759,-2.8938611995592547,5.483273316360999,6.637998660595066,0.0018453404003028143,0.1496061296797558
2201.0200983910468,103.22537090016277,-0.9748222284731154,-2.7305440077137715,5.482846298250604,6.6825040545661905,0.001815726224818651,0.148433126492367
2213.921100777938,103.22045532739875,-1.6630104930863572,-2.3729803870256485,5.482478716569351,6.727259867678973,0.0017864908911046674,0.1472722519587679
2226.89772076719,103.21948624961581,-2.235117232039473,-1.8436424199295973,5.482173542476458,6.772262145335921,0.0017576543946052007,0.14612353314106172
2239.950401581864,103.22264487528895,-2.6484115678498097,-1.1776206175637913,5.4819332894157204,6.817506620956295,0.0017292369188644367,0.14498691946110415
2253.0795890429195,103.23007613994506,-2.8702443395474773,-0.42066462216044115,5.481759993188639,6.862988735374154,0.0017012587128658009,0.1438622771637917
2266.285731584438,103.24188584911086,-2.8807304255758703,0.37358821217076077,5.481655187654392,6.908703653696386,0.0016737399780368536,0.14274938403773552
2279.5692802689396,103.25813788063377,-2.6747046875865386,1.14706887547301,5.481619874590699,6.954646281231776,0.0016467007568744228,0.1416479244075186
2292.9306888027972,103.27885144913458,-2.262773701706543,1.8412388207721495,5.481654486539845,7.000811280517722,0.001620160814295465,0.14055748446729088
2306.3704135517196,103.30399845006849,-1.6713249139324233,2.4013326523110154,5.481758841840769,7.0471930918778645,0.0015941395021848803,0.13947754809341
2319.888913556348,103.33350091894773,-0.9414067397918675,2.780615877506261,5.481932091528715,7.0937859603328395,0.0015686555972448683,0.13840749335366032
2333.4866505479304,103.36722866273475,-0.1264570384746872,2.944362289358611,5.482172658390628,7.140583972037673,0.001543727102239775,0.13734659002102007
2347.1640889641017,103.40499714493752,0.711067772999202,2.8732393173718243,5.482478169219102,7.187581103703606,0.0015193710012027816,0.1362939984983826
2360.9216959647315,103.44656573314161,1.5040270518578867,2.5657911147434076,5.482845382228457,7.234771288630846,0.0014956029602931503,0.13524877066264393
2374.7599414478923,103.49163644661081,2.185668792026676,2.0397323228084234,5.483270112690628,7.28214850297003,0.0014724369679627795,0.1342098532350225
2388.6792980659025,103.53985337077529,2.6951268828781036,1.3318141887203616,5.483747161105879,7.329706875562004,0.001449884911121509,0.13317609436908745
2402.6802412414754,103.59080293279621,2.982946276035197,0.49610195459690265,5.4842702496030205,7.377440824084087,0.0014279560882794408,0.13214625420454854
2416.7632491839527,103.64401525495376,3.0161731919732264,-0.3993905824316633,5.484831973687225,7.425345219155672,0.0014066566663278254,0.13111902014540536
2430.928802905639,103.69896681668558,2.7825080058262044,-1.2776282569721742,5.485423777789563,7.473415576433487,0.0013859890947131909,0.1300930275641495
2445.1773862382374,103.75508465708987,2.293017856906407,-2.058804486721812,5.486035964134846,7.521648274494466,0.001365951499081246,0.1290668864862704
2459.509485849364,103.81175233258858,1.5829560898032187,-2.6675049280634804,5.486657744989536,7.570040793454551,0.0013465370855664258,0.12803921454951034
2473.9255912591784,103.86831780418716,0.710345790336023,-3.0402098311524743,5.487277348094583,7.618591965890461,0.0013277335959951157,0.12700867614411843
2488.4261948570975,103.92410336098108,-0.2478407248287969,-3.1324202651402513,5.4878821837334755,7.667302227924776,0.001309522862217651,0.12597402711966812
2503.0117919186246,103.97841758873625,-1.2018394539126012,-2.9246059388718213,5.4884590791787025,7.716173854656932,0.0012918805131409146,0.12493416380529215
2517.682880622251,104.03056926488415,-2.057241609897804,-2.4261647044965096,5.488994582058628,7.765211160975,0.0012747758891911926,0.1238881743729647
2532.4399620664813,104.07988290860636,-2.7244839710136644,-1.6766796688485603,5.489475328540498,7.8144206467814215,0.001258172214374115,0.12283538984590747
2547.2835402869446,104.12571554636747,-3.12876139935127,-0.7439727040220067,5.489888465449506,7.863811065463212,0.001242027064724466,0.1217754314121678
2562.2141222736122,104.1674740839462,-3.2192367589129938,0.28122019773701745,5.490222108160083,7.913393396604397,0.0012262931534759386,0.12070825026198342
2577.2322179881116,104.20463252474194,-2.9763420759096744,1.2937110963714176,5.490465809210598,7.963180708809714,0.0012109194285956728,0.11963415604465948
2592.3383403811526,104.23674816232742,-2.416046232391979,2.1847643218124553,5.490611007204424,8.013187906035656,0.001195852449591612,0.11855383033348565
2607.533005410034,104.26347582348149,-1.5902282304833266,2.854321250848319,5.490651422772214,8.063431360471226,0.0011810379810746376,0.11746832224560436
2622.816732056276,104.28457926227786,-0.5827294028051376,3.223104949161772,5.490583369060188,8.113928445745232,0.0011664227145583312,0.11637902456729812
2638.190042343341,104.29993891375588,0.4987844171556273,3.2430235721424316,5.490405948787492,8.164696994645947,0.001151956011554275,0.1152876302817764
2653.6534613544736,104.30955540375025,1.534417895897182,2.90437855907183,5.4901211181558125,8.215754714065916,0.0011375915534867576,0.11419607110852069
2669.2075172506206,104.31354846409039,2.4058176475600708,2.2387093788792587,5.489733608893315,8.267118595140797,0.0011232887890149873,0.11310644131355353
2684.85274128848,104.3121511938233,3.0104435853654286,1.3166372186698765,5.489250712018948,8.31880435762882,0.0011090140866444797,0.11202091140403164
2700.589667838644,104.30569990532113,3.2744964927869242,0.24073065598216709,5.48868193879,8.370825964265832,0.0010947415275886572,0.11094163718408157
2716.4188344038516,104.29462006608546,3.1627576466159,-0.8658953236786598,5.48803858408749,8.423195233678662,0.0010804533066771601,0.10987066990869061
2732.340781637345,104.2794090646056,2.683953414561157,-1.873928833141978,5.4873332239517785,8.475921570625536,0.0010661397429290837,0.10880987291933161
2748.3560533613363,104.26061667279296,1.890818898665568,-2.6634101020088887,5.486579181493887,8.529011821404897,0.0010517989316723864,0.1077608492711281
2764.46519658559,104.23882414126977,0.8747143278491923,-3.138538278912613,5.485789994068737,8.582470251814858,0.0010374360933055448,0.10672488363595804
2780.668761526092,104.21462285160608,-0.24465357584653322,-3.239861282360645,5.48497891010357,8.636298636367838,0.001023062688032023,0.10570290039559226
2796.9673016238526,104.18859337560059,-1.3332307441938172,-2.9522822871829746,5.484158437418545,8.690496441409845,0.001008695370880126,0.10469543852507818
2813.361373563803,104.16128567577687,-2.258691040513608,-2.307816179869838,5.483339957479149,8.745061081655697,0.0009943548581891313,0.1037026427700212
2829.851537293824,104.13320104521895,-2.9066751080347624,-1.382651454439064,5.482533412901361,8.799988229235934,0.0009800647675765107,0.10272426984151896
2846.43835604385,104.10477624862637,-3.1952347069921037,-0.28874195134432623,5.481747069544132,8.85527215610137,0.0009658504806867791,0.10175970792195105
2863.1223963451203,104.07637020577229,-3.0856977255842657,0.8392037268892532,5.480987350183458,8.910906093801705,0.0009517380641829042,0.10080800766716068
2879.904228049525,104.04825346318033,-2.5885381979686817,1.8599124125847883,5.480258734244273,8.966882598456893,0.0009377532715079611,0.09986792303573529
2896.7844243490704,104.0206006335327,-1.763364438257339,2.6430787055675222,5.4795637172656955,9.023193912466356,0.0009239206373860249,0.09893796057806796
2913.7635617954556,103.99348594308513,-0.7127811880830205,3.0861674477499856,5.4789028243803966,9.079832317584875,0.0009102626697139461,0.09801643617098367
2930.8422203197615,103.96688200835065,0.4294147669349351,3.1283894448078464,5.47827467366164,9.136790476045189,0.0008967991397292825,0.09710153848519668
2948.0209832522705,103.94066195400089,1.5145426266430637,2.759956415919834,5.4776760872246655,9.19406175721248,0.0008835464709594222,0.09619139863220494
2965.300437342374,103.91460497147395,2.398052085498084,2.025156139804936,5.477102249936095,9.251640546774365,0.0008705172299053975,0.09528416538330897
2982.681172778625,103.88840538830017,2.9589582635681246,1.0184413107135613,5.476546916973021,9.30952253382763,0.0008577197258090673,0.0943780850412652
3000.1637832088863,103.86168525853773,3.11714674020347,-0.12644440865488155,5.4760026718214165,9.36770496871136,0.0008451577320456439,0.09347158446352476
3017.7488657606254,103.83401038441556,2.8460319004532972,-1.2533442739546619,5.475461235248133,9.426186881511901,0.0008328303463272662,0.09256335491638118
3035.4370210612865,103.80490953270771,2.178435782253571,-2.2046774156154063,5.474913823118945,9.484969248435053,0.0008207320095588855,0.09165243346334474
3053.2288532588195,103.77389641789902,1.20430277598618,-2.8438505669742464,5.4743515466975134,9.544055091418974,0.0008088527024956304,0.09073827759434841
3071.124970042311,103.74049379844462,0.05993403399115762,-3.0759003227039226,5.473765843579167,9.60344949618278,0.0007971783342711651,0.08982082796928349
3089.1259826627415,103.70425879271798,-1.0902998767632444,-2.8631034160932654,5.4731489213589635,9.663159535993891,0.0007856913269608347,0.08890055369381854
3107.232505953861,103.66480829718418,-2.0775126136770496,-2.232751823766974,5.472494190482047,9.723194093137186,0.000774371386036824,0.08797847467629583
3125.4451583531895,103.62184321628575,-2.753780792744261,-1.2752907595743708,5.471796658639875,9.783563577286037,0.0007631964292997299,0.08705615648749628
3143.764561923147,103.57517012752746,-3.015573517637685,-0.132462210464709,5.4710532576940185,9.844279549069345,0.0007521436290122419,0.08613567481086065
3162.1913423722867,103.52471903544682,-2.821170072718471,1.0232294124552652,5.470263076264563,9.905354266926452,0.0007411905065084062,0.0852195489337458
3180.726129076673,103.47055602990366,-2.1988434578137785,2.0148115769154646,5.469427477079639,9.966800184297773,0.0007303160085321024,0.08431064653516848
3199.369555101389,103.41288995297461,-1.243990416137701,2.6887815485934095,5.4685500874774196,10.028629430694261,0.0007195014923252947,0.08341206488425196
3218.122257222139,103.35207256910388,-0.10523213295474933,2.9400560719505324,5.467636662883419,10.090853312910866,0.0007087315530903984,0.0825269960241194
3236.9848759470115,103.2885921807246,1.038546947203887,2.729621682160264,5.466694834933378,10.15348187092889,0.0006979946422841035,0.08165858515887972
3255.9580555383523,103.2230610814444,2.0065963775592213,2.091709890407116,5.465733766300332,10.216523517061344,0.0006872834460613614,0.0808097919986308
3275.0424440347706,103.15619763539351,2.6454706489446354,1.129072077663555,5.464763741611509,10.279984777627142,0.0006765950167656387,0.07998326416307204
3294.238693273271,103.08880406904382,2.8541050446514244,-0.0030374334957599725,5.463795727127909,10.343870145466893,0.0006659306729915022,0.07918123003417048
3313.5474589115206,103.02174123312135,2.60058599960718,-1.1216308904950363,5.4628409309319625,10.408182040716897,0.0006552957022160639,0.07840541600322765
3332.9694004502358,102.95590163120772,1.9277902911298976,-2.0454936160136095,5.46191039081586,10.47292086802845,0.0006446989121626397,0.07765699030334398
3352.505181255726,102.89218193248269,0.946909998663892,-2.6246356366329304,5.461014610020315,10.538085151957905,0.0006341520821266974,0.07693653298792308
3372.155468582526,102.83145601814185,-0.1801508647936846,-2.764922074098517,5.460163252811154,10.603671729030461,0.0006236693639373785,0.07624402946450749
3391.9209335962014,102.77454939156904,-1.266751409588411,-2.4439003025019512,5.459364903900302,10.66967597487301,0.0006132666754545729,0.07557888354420034
3411.80225139628,102.72221554930888,-2.131794109183816,-1.7152261420803727,5.458626888930972,10.736092047250592,0.0006029611193890912,0.07493994529795348
3431.800101039289,102.67511469640135,-2.6295642941642248,-0.7008443355869141,5.457955148278385,10.802913130025301,0.000592770448693514,0.07432554907401624
3451.9151655619653,102.63379502039427,-2.6744029203016453,0.428058495721758,5.457354153509936,10.870131668145277,0.0005827125884368627,0.07373355769166581
3472.1481320045777,102.598676628716,-2.2561835987517793,1.4785876241462852,5.456826854948538,10.937739589019165,0.0005728052141473312,0.07316140990874435
3492.499691434397,102.57003821011166,-1.4438426574823984,2.268056102546727,5.456374649648981,11.005728510461894,0.0005630653788373662,0.07260616958249262
3512.9705389692967,102.54800650100385,-0.37591742959885305,2.655346989168164,5.455997361407249,11.074089939400096,0.0005535091757063085,0.07206457633889325
3533.5613738014968,102.53254871354318,0.7610110850846259,2.5666106325886524,5.455693227841562,11.142815468419478,0.0005441514210029459,0.07153309889226014
3554.2728992214406,102.52346819999859,1.763126113836973,2.0107325820766184,5.4554588937922945,11.211896978814588,0.000535005341761851,0.07100799328850495
3575.1058226418304,102.5204037685628,2.444882784795716,1.0812783481142167,5.455289414966944,11.28132685887624,0.0005260822560995822,0.07048536916168507
3596.0608556217653,102.52283320359977,2.673466970288492,-0.05646217556694376,5.455178280539236,11.35109824453431,0.0005173912394325882,0.06996126746596958
3617.138713891073,102.5300816478211,2.396023895510913,-1.192320243837223,5.455117467821283,11.421205285990474,0.0005089387782173845,0.0694317529330145
3638.3401173747297,102.54133553842182,1.6540206757467788,-2.1084017905500794,5.455097545518578,11.491643438537634,0.0005007284232294528,0.06889302356267762
3659.665790217466,102.55566271436676,0.5807460928721265,-2.6206117341967334,5.455107843621034,11.56240976849453,0.0004927604661697274,0.06834153766218597
3681.1164608084955,102.57203909036433,-0.6193668097516748,-2.6169593153842294,5.455136706727688,11.633503256573414,0.00048503167508573056,0.06777415626006997
3702.6928618063926,102.58938189768503,-1.707466053847365,-2.0846075982660275,5.455171842647805,11.704925072054397,0.0004775351336025807,0.06718829523578142
3724.395730164119,102.60658891784338,-2.457268270035676,-1.1187884221044515,5.455200768911371,11.77667878344956,0.00047026023361876335,0.06658207753927381
3746.2258071541924,102.62258241110509,-2.703438504014509,0.09039097283470938,5.4552113465243295,11.848770466966295,0.00046319286818126404,0.06595447200293701
3768.1838383940035,102.63635563960429,-2.3808725223637817,1.2928408655200023,5.455192374159187,11.921208675198047,0.00045631585864037207,0.06530540228796383
3790.2705738712957,102.64701911970695,-1.5450026804657115,2.2295745405897143,5.4551341994480715,11.994004236760512,0.0004496096274495047,0.06463580839769476
3812.4867679697613,102.65384315618908,-0.36643505489839884,2.6898572415189133,5.4550292906101445,12.067169873489046,0.0004430530971121339,0.0639476447678729
3834.8331794948153,102.65629296118269,0.9013453050387943,2.5615115757994067,5.454872705054884,12.140719643904767,0.00043662476146809413,0.0632438036474494
3857.310571699529,102.65405285834241,1.9758931658054288,1.8616682523420038,5.45466239480799,12.214668246519373,0.000430303844466627,0.06252796008796724
3879.9197123106737,102.64703675900898,2.6100100980153265,0.7388593157056167,5.45439930260799,12.289030239313028,0.00042407144092865317,0.06180434435459678
3902.6613735549568,102.63538321657265,2.651228070568667,-0.5561815219256222,5.454087225656449,12.363819247298304,0.00041791152898149075,0.06107745729337774
3925.5363321853965,102.61943476689127,2.081564718245846,-1.7258440089516576,5.453732452082617,12.439047234730765,0.0004118117566978289,0.06035175221024938
3948.545369507852,102.59970273189475,1.0265717382943944,-2.494885908086938,5.453343202555915,12.514723911110707,0.0004057639334473836,0.059631311493253056
3971.689271407706,102.57681997540757,-0.27010827330562903,-2.677143735271363,5.452928930709889,12.5908563225435,0.0003997641933459088,0.0589195466774137
3994.9688283767127,102.55148507615111,-1.5019213548241275,-2.223100724446334,5.45249954752154,12.667448656604131,0.00039381283599333543,0.058218947087698286
4018.3848355399873,102.52440193136573,-2.3719146797844224,-1.2358065102849256,5.4520646356806015,12.744502264884579,0.000387913881141367,0.05753089572171493
4041.9380926831845,102.49621893350898,-2.6654135927114977,0.04997872598611974,5.451632712161033,12.822015887543738,0.00038207439437303216,0.05685556332780025
4065.6294042797904,102.46747166130612,-2.305029087598471,1.3216961970900545,5.451210584356816,12.899986051201049,0.0003763036491821211,0.056191884396682566
4089.459579518609,102.4385326271866,-1.373788859992131,2.264035380883508,5.450802831440944,12.978407605836288,0.0003706121890892208,0.055537613264459454
4113.429432331417,102.40957115522119,-0.09931972353997756,2.637550973926107,5.450411431481225,13.05727436631742,0.0003650108457737256,0.054889455235733915
4137.539781420737,102.38052601546336,1.1988721643653666,2.341539894886984,5.450035548169219,13.13657982681227,0.00035950976041351833,0.05424326631311186
4161.7914502878175,102.35109303474235,2.187816722364997,1.4445834043548893,5.449671488781158,13.216317918333013,0.0003541174495889617,0.053594314867454584
4186.185267260755,102.32072949166272,2.6068245108631016,0.17303732498144328,5.449312845416242,13.296483778253103,0.0003488399566372093,0.052937598148671966
4210.722065522788,102.28867657563859,2.33886289265044,-1.1423688657675108,5.448950831529141,13.377074494389623,0.0003436801343707071,0.052268204640831206
4235.402683140754,102.25400040650777,1.4476413090697722,-2.1507531549708094,5.448574821521032,13.458089775640813,0.00033863711321540984,0.05158170896704523
4260.227963093712,102.2156509477682,0.1677023408038479,-2.5756920915582744,5.448173089250255,13.539532488961814,0.0003337060153789951,0.050874579115629155
4285.198753301735,102.17253655114122,-1.153503066175544,-2.2947618365315825,5.4477337199619535,13.621408993563021,0.0003288779744558738,0.05014456698733464
4310.315906654884,102.1236099232722,-2.1489325523384046,-1.3801059571306804,5.447245640495822,13.703729203836485,0.0003241405049417232,0.049391044641372825
4335.580281042315,102.06795925745217,-2.5362014536818194,-0.08507690284656,5.446699679811794,13.786506328342597,0.00031947823408541,0.04861524313833579
4360.992739381593,102.00489653540433,-2.2024296536859755,1.223122272187919,5.446089544647153,13.8697562658352,0.0003148739610285344,0.047820351862993264
4386.554149648181,101.93403406899023,-1.2424919724721721,2.167999294782466,5.445412583886621,13.953496687888935,0.0003103099533459258,0.04701144616108912
4412.265384905055,101.8553406489097,0.06399604891972242,2.475437391843766,5.4446702283166175,14.037745891946313,0.00030576934231211345,0.04619523041887904
4438.1273233325455,101.76917039419482,1.3328771292034505,2.0578770587578483,5.44386803199261,14.12252155464976,0.0003012374503164615,0.04537960973955379
4464.140848258327,101.67626039405599,2.1898726155336576,1.0433786598194874,5.44301530102209,14.207839539194227,0.0002967028874702229,0.04457313071221736
4490.306848187588,101.57769698168501,2.3840917415374943,-0.2612465703699117,5.442124361157935,14.293712903625961,0.00029215829120276014,0.043784353676550536
4516.626216833376,101.47485422909861,1.8648057829369162,-1.4628839908637972,5.4412095703195185,14.380151220360464,0.00028760064372803344,0.043021229573166786
4543.099853147129,101.36931125650335,0.7970035679271694,-2.201690899961082,5.4402862125002,14.467160260892026,0.00028303117152216983,0.04229055124674381
4569.728661349368,101.26275669534444,-0.4893069883637805,-2.2606095293783266,5.439369410161012,14.554742039257999,0.0002784548909768394,0.04159753329734928
4596.513550960603,101.15688898367301,-1.600248555592219,-1.6309956510542334,5.438473167130037,14.642895158252665,0.0002738799026045055,0.04094555100982095
4623.455436832368,101.05332031650849,-2.19846129217938,-0.5144669969752667,5.437609613790416,14.731615373082024,0.00026931654818194647,0.04033604380932537
4650.5552391784995,100.95349046741404,-2.1060642555472175,0.7392931227096583,5.436788483412164,14.82089628008159,0.00026477653450324856,0.03976856773954023
4677.813883606541,100.85859484770265,-1.3591383260992047,1.7398632283879705,5.436016812975838,14.910730048983952,0.00026027210232169417,0.039240968115834884
4705.232301149369,100.76952949788954,-0.19719053495116395,2.1763618554608426,5.435298839250551,15.00110813842209,0.00025581528908666206,0.03874963858954614
4732.811428296995,100.68685446331077,1.009866175919552,1.9145644353073765,5.43463605203582,15.092021958023393,0.0002514173070187083,0.03828983497700144
4760.552207028548,100.61077625466837,1.8762498308479565,1.0410143967863548,5.434027368786711,15.183463460492238,0.0002470880386806819,0.03785601868379007
4788.455584844449,100.54114973756725,2.1224813127923627,-0.16085347677771059,5.43346940403965,15.275425659929429,0.00024283564222452825,0.0374422123978898
4816.522514798774,100.47749962619142,1.667550081678689,-1.2977512856057012,5.432956818506859,15.367903077141136,0.00023866625728478563,0.037042357333132256
4844.7539555318,100.41906151558656,0.6604805666462664,-1.9922275517314478,5.432482742223948,15.460892109630327,0.0002345838078266842,0.03665066486671927
4873.150871302767,100.36484181998028,-0.562356905881795,-2.008557890881955,5.432039270413365,15.55439131561491,0.00023058990692672,0.03626195508951745
4901.714232022789,100.31369490321873,-1.5848339589593863,-1.3371295578394373,5.431618027681521,15.648401591223196,0.00022668387669456212,0.03587197077802431
4930.445013287986,100.26441403610242,-2.051532024341426,-0.2057111458038224,5.4312107853872265,15.742926212240185,0.00022286290047322726,0.03547764887397579
4959.34419641283,100.21583072940572,-1.7945165499209752,0.9917258743930748,5.430810100269319,15.837970710815444,0.00021912232085667246,0.03507732497953729
4988.41276846363,100.16691482366437,-0.9000598853292121,1.8293766500705708,5.430409923890873,15.93354256677595,0.0002154560843953381,0.03467084255379843
5017.651722292263,100.11686600082312,0.31353459129682304,2.0026969150299356,5.430006118238858,16.029650713480017,0.00021185731330042304,0.03425954029033976
5047.062056570084,100.06518671122798,1.4050265911269324,1.444434944476525,5.429596809314318,16.1263048866481,0.0002083189603585996,0.03384610035457256
5076.644775822033,100.01172734346318,1.9705974198795837,0.35715779126026287,5.42918252203552,16.223514874700324,0.00020483448238164194,0.033434256465765144
5106.400890460949,99.95669693759139,1.7969255355962854,-0.8552036035630624,5.428766066100563,16.32128975214074,0.00020139845685526376,0.03302838136523774
5136.331416822075,99.90063654874353,0.9472350539896004,-1.7355885503004345,5.42835217819265,16.41963718586298,0.00019800707049177614,0.032632993133258195
5166.4373771977735,99.8443568115967,-0.2563606858362503,-1.9476819195625934,5.427946961857176,16.518562894656707,0.00019465842693804794,0.03225223374950211
5196.719799872458,99.78884546117008,-1.3515157555378867,-1.408395107507316,5.42755719298765,16.618070317379765,0.00019135264887746903,0.03188937742965874
5227.179719157689,99.73515376652807,-1.9124355449939177,-0.32549477665206006,5.427189570010383,16.718160512890666,0.00018809177923272924,0.03154641987615607
5257.81817542751,99.68427261862415,-1.7173627527367152,0.87760367777583,5.426849983079199,16.81883228433434,0.00018487950946279708,0.03122378524090032
5288.636215154006,99.63700940923103,-0.8406271843541071,1.72412580089856,5.426542860709445,16.920082499199303,0.00018172077549614954,0.030920170098682677
5319.634890943009,99.59387622446428,0.3697282513326327,1.8724860677050332,5.426270632989652,17.02190656769939,0.0001786212634220068,0.03063252813337185
5350.815261570072,99.55499877592166,1.4245118226398243,1.2574592953353,5.426033335215673,17.124299043528705,0.0001755868611897522,0.030356189048740392
5382.178392016629,99.52005433202275,1.8883314952161299,0.12533168863763863,5.425828369075708,17.22725431729618,0.00017262308478265177,0.03008510131481729
5413.725353506367,99.48824584017218,1.5614373054785655,-1.0570154553674926,5.425650440816927,17.330767376892222,0.00016973450318286508,0.02981218892704076
5445.457223541819,99.45831823405607,0.5727551892107255,-1.7896657512027436,5.425491703279558,17.434834604412753,0.00016692418973370617,0.02952981357602407
5477.375085941159,99.4286210661316,-0.6614009238013112,-1.7519812923787605,5.425342133836615,17.539454562798618,0.000164193238919666,0.029230330925938113
5509.480030875225,99.39721841377374,-1.6058432027480405,-0.9502059407371397,5.425190173742688,17.644628698782086,0.00016154040373176013,0.028906719313402673
5541.773154904765,99.36204196445944,-1.8385937642501136,0.27038964975862345,5.4250236278667145,17.7503618602508,0.00015896192199524434,0.028553239939906622
5574.2555610178615,99.32107634303077,-1.246786200998342,1.3662499020128145,5.4248307744920075,17.85666251003578,0.00015645159977064675,0.02816606263793022
5606.928358667644,99.27255807446473,-0.09198673365802726,1.8370209436283864,5.424601570279141,17.963542531029297,0.00015400119659179313,0.027743768599207456
5639.792663810144,99.21516303815991,1.0971572579586584,1.4611425254331316,5.424328775196192,18.07101657064379,0.00015160110795231615,0.027287632593651433
5672.849598942439,99.14815436332448,1.7660677795699242,0.4105822319572425,5.4240087933614936,18.179100962492104,0.00014924127388359404,0.026801602864769736
5706.100293140976,99.07146549910551,1.5992210435281728,-0.8200743527847926,5.4236420510371435,18.28781236698075,0.00014691217928934996,0.026291940846945527
5739.545882100143,98.98570215585538,0.6781729136866006,-1.6452815222324075,5.423232816407305,18.39716635384966,0.00014460577688312146,0.025766547475986765
5773.187508171061,98.8920602551554,-0.5513921792746534,-1.6719102237194525,5.4227884853849595,18.507176174989784,0.00014231617390978498,0.02523406987497231
5807.026320400597,98.79217148716121,-1.4933685344986296,-0.89369796621172,5.4223184732996605,18.617851932681702,0.0001400399779250903,0.024702929817196993
5841.063474570603,98.68789972501588,-1.6927113024511262,0.30285174910172846,5.4218329248569095,18.729200253083242,0.00013777627502086062,0.024180428396664348
5875.300133237421,98.58111777878486,-1.0601929526908556,1.327088280547379,5.421341465458876,18.841224463585668,0.00013552628830737785,0.02367205804690648
5909.737465771553,98.47349428208213,0.08232253347398862,1.6756419442318518,5.420852173874968,18.953925182337763,0.00013329281337436005,0.02318110478538848
5944.376648397618,98.36631626384542,1.1604792360425056,1.1828911925705594,5.420370885509909,19.06730117942666,0.00013107954345698567,0.022708567933089018
5979.218864234547,98.26036637314414,1.6335994645277163,0.10543853180591183,5.419900865448731,19.18135036144177,0.00012889038661068202,0.02225337695090174
6014.265303335956,98.15586669119645,1.2677757733212782,-1.004389528072127,5.419442838805635,19.29607074947696,0.00012672885372472042,0.021812853119812667
6049.517162730813,98.0524944744194,0.25818050094982853,-1.5772962951243492,5.418995335843073,19.41146134687789,0.00012459757205972947,0.021383346890522088
6084.975646464324,97.94946888031568,-0.866289415930751,-1.3206728929821459,5.418555293188217,19.52752281503854,0.0001224979606680699,0.020960973952869878
6120.641965639055,97.84570104591681,-1.5147750353303893,-0.3757551388935907,5.418118839083402,19.644257891074567,0.00012043009122763361,0.02054236798092539
6156.517338456296,97.7399923373268,-1.3469012435708805,0.7503475729733958,5.417682172533994,19.761671496748956,0.00011839274550226229,0.020125362660893886
6192.602990257669,97.63125759630184,-0.459893033670313,1.4515110837867677,5.417242424525938,19.879770513724115,0.00011638366305064109,0.019709512606985783
6228.9001535669795,97.51874342017283,0.6578516627879871,1.3514160544449902,5.416798374322807,19.998563242638593,0.00011439994757119108,0.019296369332341825
6265.41006813233,97.40220842824539,1.391087689051118,0.5139616793519728,5.416350899825071,20.118058619262154,0.00011243857127507593,0.01888945243167218
6302.133980968436,97.28203539434216,1.339175503464821,-0.588106090591847,5.415903078309382,20.23826531488577,0.00011049689360812598,0.018493900402680535
6339.07314639923,97.15925481362166,0.5423788444077122,-1.336208183925097,5.415459919737554,20.359190878812495,0.00010857310451047449,0.01811584361252725
6376.228826100728,97.03547427063414,-0.5397268618868045,-1.3152513851568743,5.415027791090697,20.480841072283027,0.0001066665189974259,0.017761598359810598
6413.602289144079,96.9127241592285,-1.289521911675001,-0.5495423909542568,5.41461365083197,20.6032194950802,0.00010477768530631182,0.017436817409188975
6451.194812038943,96.79324358172023,-1.2843374435347081,0.5118804089468895,5.4142242372058,20.726327535559047,0.00010290831086570156,0.01714573626932672
6489.007678777078,96.6792376183011,-0.5385779467543887,1.2537748095441295,5.413865338362101,20.850164607726803,0.00010106104446722831,0.01689062548700574
6500.0,96.64752859007251,-0.23997962784285382,1.3382382699645419,5.4137677505484145,20.886164949412922,0.00010053064346322857,0.016823521652777635
6527.0421808761985,96.57263799279518,0.5049182705029878,1.2497708890609005,5.413541228854687,20.974728596339,9.923916986857941e-05,0.016671509084801434
6565.299617424089,96.47489505170432,1.231215669666088,0.5104348065328796,5.4132543069047205,21.10001642011681,9.744626477106789e-05,0.016486155788792516
6603.781295122971,96.38682252047093,1.2125141246365776,-0.5201758393601364,5.413004928318655,21.226024637408667,9.568586587249495e-05,0.016330308609958953
6642.488528334133,96.30850993932314,0.46368615583846345,-1.2225628852087043,5.412791414868781,21.35275004344083,9.396116436760162e-05,0.016198097385594485
6681.422639122844,96.23931198166173,-0.5590479428791766,-1.1705149818231564,5.412610215518329,21.480190229182913,9.22747442808992e-05,0.016082576307639627
6720.584957303476,96.17791856569958,-1.225922653565013,-0.39513859834547577,5.412456208972043,21.608344079516595,9.062837206116672e-05,0.015976335660029112
6759.976820484936,96.12250339443257,-1.1187498905124533,0.6215989305185823,5.412323143583351,21.737212181127443,8.902284939011582e-05,0.015872143316699058
6799.5995741163815,96.07093990353738,-0.3012228102009219,1.2360900686593828,5.412204204955407,21.866797094389433,8.745794792028483e-05,0.015763569344248208
6839.454571533128,96.02106226810518,0.7051484044100329,1.0502076340601065,5.412092677559276,21.99710343080216,8.593244807376028e-05,0.015645535324548914
6879.5431740029035,95.97093682485695,1.2447737347059646,0.17984995853993915,5.411982628684582,22.128137682912016,8.444429757166012e-05,0.015514715753534114
6919.866750772337,95.91909983110966,0.957745173065277,-0.8035942753850134,5.411869505953025,22.259907787116905,8.299088598132963e-05,0.015369714812563936
6960.42667911372,95.86471568393783,0.03185444695608767,-1.242003979225583,5.411750524479781,22.39242245891606,8.156940280408768e-05,0.015210960335610861
7001.224344372056,95.80761898866534,-0.9080950124740361,-0.8359373759113675,5.411624743020209,22.525690406987593,8.017721876962195e-05,0.015040302024515608
7042.261140012375,95.74822395419935,-1.217960369901356,0.13895137956783937,5.41149279043745,22.659719579736922,7.881221565793613e-05,0.014860363678784832
7083.538467667317,95.68731092466697,-0.6816309990944499,1.0085555395428811,5.411356285395491,22.794516603874047,7.747299685619284e-05,0.014673759322552018
7125.057737185035,95.6257253274242,0.32684190459259455,1.1636644077332723,5.411217064166522,22.930086535960033,7.615893690180754e-05,0.01448231964501976
7166.820366677307,95.56404261392441,1.0941554423626616,0.4931138990931335,5.411076371439102,23.06643298126602,7.487006309270448e-05,0.014286477421521162
7208.827782568018,95.50226094632313,1.0700157252093818,-0.5244606405868274,5.4109341726507605,23.203558563873393,7.360679409989257e-05,0.014084932511933554
7251.081419641839,95.43958197589012,0.2698519157687351,-1.1518792836982592,5.4107887248082935,23.34146567384162,7.236958311116613e-05,0.013874671902754031
7293.582721093255,95.37433093345996,-0.720668581151057,-0.9270441168265833,5.410636509514149,23.480157372567334,7.115852732810603e-05,0.013651370042366592
7336.333138575857,95.30405101806174,-1.164651141703132,-0.015139438295615915,5.410472589805101,23.619638298461002,6.997301573622313e-05,0.01341014233987899
7379.334132251919,95.22578225250781,-0.7264591237051058,0.8970329779200352,5.410291390878828,23.75991538012299,6.881149354877902e-05,0.013146564975224592
7422.587170842273,95.1365001224926,0.2585683647750815,1.1128528184677242,5.41008781166615,23.900998150281403,6.767141739966748e-05,0.012857803926968562
7466.093731676473,95.03364737698233,1.0272812662259772,0.4684467356190034,5.409858457172311,24.042898494573162,6.654944794715119e-05,0.012543627635998254
7509.855300743247,94.91565431500868,0.9816656863420976,-0.5262265003178055,5.409602683737255,24.18562979167505,6.544186948324042e-05,0.012207044164650174
7553.873372741282,94.78232615474417,0.16827587034294064,-1.0838625222596778,5.409323137886306,24.32920558960237,6.434515154832609e-05,0.011854345491471059
7598.14945113023,94.63499561077874,-0.7545722069645765,-0.7704328607450971,5.409025589076074,24.47363814262902,6.325650830017366e-05,0.011494474967941223
7642.685048182083,94.47639507220784,-1.0489409444500655,0.14479385165878603,5.408718079556868,24.618937205083476,6.217430316972362e-05,0.011137824548479334
7687.481685032847,94.31027697612187,-0.4952676021452161,0.9131673439011411,5.408409638769373,24.765109390527357,6.10981997969548e-05,0.010794738876727373
7732.540891734455,94.14087398898174,0.4369823250394664,0.9202863891498233,5.408108924008867,24.912158200251753,6.002904899904172e-05,0.01047407872625074
7777.8642073070505,93.9723201838608,0.982405147552102,0.18234924253144996,5.407823111869534,25.060084612274522,5.896858026718479e-05,0.010182151596866041
7823.453179791552,93.80814674488384,0.7077512750176335,-0.6785447199156078,5.407557224297572,25.208887996487274,5.791900271719993e-05,0.00992218713543492
7869.309366302528,93.65093332782905,-0.13971145940121707,-0.9527002671028354,5.407313917721054,25.358567108976747,5.688261229880748e-05,0.0096943832253618
7915.434333081374,93.50215628293158,-0.844524692711654,-0.42744733181108585,5.407093659117564,25.509120980781276,5.5861469373772365e-05,0.009496428117641429
7961.829655549811,93.36223905475903,-0.8204974396582198,0.4408091906182281,5.406895173582711,25.660549596234315,5.4857176516000445e-05,0.00932433687979453
8008.496918363695,93.23078108426871,-0.10167990741612322,0.9117696709474381,5.406716051225722,25.812854315687247,5.387076330560273e-05,0.009173420912630287
8055.43771546716,93.1069171941823,0.6860471103784497,0.5893524938855624,5.406553415663703,25.96603802961618,5.290267352121969e-05,0.009039218950611433
8102.653650147024,92.9897381135011,0.8604817602357794,-0.23620427818575218,5.4064045632604705,26.120105049773834,5.1952844096860246e-05,0.008918241357745103
8150.146335087565,92.87868733520858,0.276893592854717,-0.836331076722535,5.40626748217843,26.27506076594018,5.102085797089419e-05,0.008808412467933697
8197.917392425634,92.77384683063642,-0.5398189944580166,-0.6827910857463133,5.406141167373315,26.43091113108259,5.0106142627573364e-05,0.008709143136940736
8245.968453806006,92.6760407187446,-0.8569854449306898,0.07945432417277937,5.406025675820233,26.58766207419415,4.920817649442905e-05,0.008621031065179837
8294.30116043715,92.58672198459861,-0.3922092955395503,0.7561945559864349,5.405921916091462,26.745318959807484,4.8326662705612965e-05,0.008545261276743332
8342.917163147264,92.50765421074686,0.42470792242528327,0.7295133305398238,5.40583122193984,26.903886202469643,4.7461637569173324e-05,0.008482842203558506
8391.818122440676,92.44044440304164,0.8372062397428042,0.026640283139849428,5.405754798872563,27.06336710671579,4.661349677304173e-05,0.008433842100680284
8441.005708554545,92.38601316823832,0.45918019042663666,-0.6942901337227001,5.405693144292536,27.22376395699961,4.5782938868376696e-05,0.008396778474699947
8490.48160151592,92.34410151017771,-0.35356647520932877,-0.7491471458809549,5.405645532556298,27.385078347195478,4.4970836678678046e-05,0.008368272428872552
8540.247491199101,92.31291330819433,-0.8215399831114154,-0.07995214466963596,5.405609644894045,27.547311721004554,4.4178052190043956e-05,0.008343033626579292
8590.30507738341,92.28898390724513,-0.4829502562761848,0.6665850456377307,5.405581424836512,27.710466079630258,4.340521416252483e-05,0.008314206291006838
8640.656069811168,92.26734672385263,0.3364424236359997,0.7490097989502819,5.405555247683817,27.874544779041344,4.265248703921879e-05,0.008274078218371702
8691.302188246174,92.24203153022606,0.8153265349967516,0.07438591960661377,5.405524478918689,28.039553274211475,4.19193771173613e-05,0.008215109626401295
8742.245162532381,92.20685882279429,0.4575702329307803,-0.674917379380383,5.405482422114023,28.205499593122482,4.1204639305568655e-05,0.008131152975996203
8793.486732653011,92.15639723731132,-0.37305771050907394,-0.7197438528568108,5.405423507597017,28.37239430152504,4.050634612560857e-05,0.008018616371866552
8845.028648789981,92.08685718200036,-0.8041657938602866,-0.009010226069006871,5.40534440142304,28.540249822940876,3.982214153385462e-05,0.007877232932358908
8896.872671383677,91.99666011386584,-0.3772759161597646,0.7008086834210657,5.405244639123488,28.709079216218573,3.914962931435197e-05,0.00771012909513225
8949.020571193087,91.88649485436517,0.4440111517338526,0.6484267195994966,5.405126513380965,28.878894775882237,3.848677636517416e-05,0.007523084309457827
9001.474129356275,91.75883973337886,0.7679267572306753,-0.10001093969470783,5.404994242367636,29.049706933685147,3.7832194140857605e-05,0.007323175786604907
9054.235137451231,91.61711754476462,0.2512749316265337,-0.7192497280958986,5.404852745634557,29.2215238109497,3.718521412424551e-05,0.007117245084336951
9107.305397557035,91.46476851867119,-0.523440299351258,-0.535219780936948,5.404706478514648,29.394351482064433,3.654576235048221e-05,0.006910674352896239
9160.68672231546,91.30452990833909,-0.6978569838756303,0.2305295880764724,5.404558682980749,29.568194739130973,3.5914110127302496e-05,0.006706810181542542
9214.380934992812,91.13811795382185,-0.09410055450139646,0.7148339601410632,5.4044112013323495,29.74305802006953,3.529060312557991e-05,0.006507121949760998
9268.389869542283,90.96636916949237,0.5930173874745304,0.3847285582472285,5.404264793367045,29.918946182119992,3.467545453497481e-05,0.006311945003263243
9322.715370666518,90.78975802211863,0.5883415335004041,-0.36555058300884896,5.404119761406996,30.0958649088255,3.406865118940229e-05,0.006121502905699418
9377.359293880667,90.6090974088429,-0.08239460358068051,-0.6733762891623604,5.403976628285987,30.27382067777921,3.346998053793692e-05,0.005936846419224344
9432.323505575749,90.42617222898762,-0.6331041027185083,-0.20105116471534212,5.4038366269726765,30.452820358743534,3.287914914400894e-05,0.00576039154296571
9487.609883082396,90.24407641812763,-0.4347351925423132,0.48386907997603257,5.403701845683568,30.632870626202582,3.22959375759888e-05,0.005595877486374831
9543.220314734981,90.06712142283796,0.25935666768689275,0.5822063642989015,5.4035750082413205,30.813977415697874,3.172033113008576e-05,0.005447763263663831
9599.15669993611,89.90032532349433,0.6252338472595886,-0.0026090363920054154,5.403459001013933,30.99614560684528,3.1152583714735865e-05,0.005320269137859289
9655.420949221489,89.74861915368751,0.24239731677817486,-0.5645775802732368,5.403356324097891,31.17937900496889,3.0593203668548637e-05,0.005216371475584883
9712.014984325213,89.61597433752233,-0.41743405367725983,-0.43806101241196643,5.403268625594201,31.363680582285404,3.0042878014254375e-05,0.005137042860526713
9768.940738245361,89.50465453234389,-0.5582973515798424,0.2125716938527217,5.403196407879503,31.549052881248784,2.9502363716338714e-05,0.00508092014897268
9826.200155310025,89.41475110220948,-0.015626926823683798,0.5910385447905927,5.403138927989249,31.735498483143505,2.8972371553138337e-05,0.005044444992167579
9883.795191243771,89.34410310161873,0.5381597108593924,0.23305432217971025,5.403094282750146,31.923020471861573,2.8453459646767632e-05,0.005022411531518839
9941.727813234364,89.28864031209316,0.4107810624099429,-0.41330954616893023,5.40305966737148,32.11162283827257,2.794594877677894e-05,0.005008794778186623
10000.0,89.24311171760056,-0.23836523452121547,-0.5284001181306148,5.403031792991101,32.30131076006484,2.7449873037938398e-05,0.004997702446835528
