profile,equivalent_throat_diameter_m,mouth_diameter_m,length_m,body_diameter_m,body_length_m,outer_throat_diameter_mm,radial_gap_mm,throat_area_cm2,compression_ratio,ripple_db,mean_spl_db,spl_7000_db,level_7000_relative_mid_db,max_excursion_mm,max_throat_speed_m_s,max_input_power_w
exponential,0.076,0.245,0.25,0.064,0.1,99.35793878699377,17.678969393496885,45.36459791783661,2.8656707204911904,5.263847891242804,105.65093710499711,103.62558476757889,-2.5665104449712857,0.10541844259496579,0.44016169066302346,1.4714668798091994
exponential,0.076,0.21,0.25,0.064,0.1,99.35793878699377,17.678969393496885,45.36459791783661,2.8656707204911904,5.660209059769457,104.71537250653655,102.52729528631477,-2.4965589561665524,0.09363999595637008,0.4321730889684818,1.4723738453955273
exponential,0.076,0.245,0.3,0.064,0.1,99.35793878699377,17.678969393496885,45.36459791783661,2.8656707204911904,5.671818534667679,105.73797736712137,103.56516275616755,-2.6657555360722682,0.08959894995607091,0.46492858841324936,1.472729901716341
os,0.076,0.245,0.3,0.064,0.1,99.35793878699377,17.678969393496885,45.36459791783661,2.8656707204911904,5.767350872611814,106.00205206069664,103.37650988272924,-3.5310673833920134,0.07736096293736354,0.4170260929844257,1.471766786944155
exponential,0.076,0.28,0.3,0.064,0.1,99.35793878699377,17.678969393496885,45.36459791783661,2.8656707204911904,5.916533454793239,106.58783867149344,104.55700944081227,-2.739671207320768,0.08858910401713715,0.4388897009592769,1.4720153633558164
os,0.076,0.28,0.3,0.064,0.1,99.35793878699377,17.678969393496885,45.36459791783661,2.8656707204911904,6.043901810132013,106.80911373274195,104.38856692378397,-3.7311473228760974,0.0904995137060853,0.40174058196772555,1.4693422070432383
hyperbolic,0.076,0.245,0.3,0.064,0.1,99.35793878699377,17.678969393496885,45.36459791783661,2.8656707204911904,6.113124156632921,106.1335482446798,103.18827107620562,-3.529349759969108,0.07212448813465364,0.3880468791501055,1.4757671295117207
conical,0.076,0.245,0.25,0.064,0.1,99.35793878699377,17.678969393496885,45.36459791783661,2.8656707204911904,6.1687249109616715,105.30535630757831,103.8039320325838,-1.8859645748578941,0.10552197274703365,0.4461466692395597,1.4725359326694163
conical,0.076,0.21,0.2,0.064,0.1,99.35793878699377,17.678969393496885,45.36459791783661,2.8656707204911904,6.190399526707253,104.29535943531965,102.72606976017701,-1.4271816841646086,0.12157757701115589,0.5045662224329254,1.4710534576098229
exponential,0.076,0.21,0.3,0.064,0.1,99.35793878699377,17.678969393496885,45.36459791783661,2.8656707204911904,6.294488823151724,104.72068873404709,102.47565692284071,-2.549588170766171,0.09860694259484079,0.5016571076367827,1.4719190992348872
exponential,0.076,0.32,0.3,0.064,0.1,99.35793878699377,17.678969393496885,45.36459791783661,2.8656707204911904,6.298868619005475,107.3955282283775,105.3598201544416,-2.982978126316226,0.10201839178009395,0.42467937130256245,1.4697386102004608
os,0.076,0.21,0.25,0.064,0.1,99.35793878699377,17.678969393496885,45.36459791783661,2.8656707204911904,6.326163979089657,104.94378457196146,102.3256977289713,-3.317069378274354,0.0938852243175034,0.3953057488473718,1.4718649855331372
os,0.076,0.245,0.25,0.064,0.1,99.35793878699377,17.678969393496885,45.36459791783661,2.8656707204911904,6.394352262919796,105.87367682902307,103.44445422950402,-3.5503143165022237,0.10480855588739524,0.4383019544489835,1.470321598936469
os,0.076,0.21,0.3,0.064,0.1,99.35793878699377,17.678969393496885,45.36459791783661,2.8656707204911904,6.490541537843214,105.00228827040502,102.26598239993419,-3.2556790444814396,0.0850192698237465,0.4528318031040464,1.4724775540302693
conical,0.076,0.21,0.25,0.064,0.1,99.35793878699377,17.678969393496885,45.36459791783661,2.8656707204911904,6.5528106946572535,104.49302598660726,102.66153817581298,-2.0493464398982297,0.092838221365177,0.4593488161500177,1.472573547736892
exponential,0.076,0.28,0.25,0.064,0.1,99.35793878699377,17.678969393496885,45.36459791783661,2.8656707204911904,6.602326725604755,106.42588727555419,104.61746916325401,-2.597204911572277,0.11439847466445094,0.4755764415987291,1.471696069761112
conical,0.076,0.245,0.2,0.064,0.1,99.35793878699377,17.678969393496885,45.36459791783661,2.8656707204911904,6.643746851444902,105.02450402260999,103.88666158291727,-1.2235561980868113,0.129281676371507,0.5345775321874229,1.4730362854014605
conical,0.076,0.245,0.3,0.064,0.1,99.35793878699377,17.678969393496885,45.36459791783661,2.8656707204911904,6.735216969876234,105.34691159457995,103.72971620591166,-2.097946037608523,0.10331443327124039,0.5059536278900341,1.4724770400583485
hyperbolic,0.076,0.21,0.3,0.064,0.1,99.35793878699377,17.678969393496885,45.36459791783661,2.8656707204911904,6.767940963796832,105.0761466142438,102.1219964812729,-3.2759329223345333,0.08068158566490748,0.4440357744091058,1.4753731044961478
conical,0.076,0.28,0.25,0.064,0.1,99.35793878699377,17.678969393496885,45.36459791783661,2.8656707204911904,6.852425356531967,105.94880254409509,104.84007194832124,-1.6585821625519372,0.11581009553086424,0.47991128066008526,1.4734955874164042
exponential,0.076,0.21,0.2,0.064,0.1,99.35793878699377,17.678969393496885,45.36459791783661,2.8656707204911904,6.965648030302447,104.48941291736999,102.58130876197083,-2.0468816245545867,0.11982819206039741,0.4979539251087432,1.4711821835257812
hyperbolic,0.076,0.28,0.3,0.064,0.1,99.35793878699377,17.678969393496885,45.36459791783661,2.8656707204911904,7.020033576174882,107.00909617967639,104.16300755249709,-3.7269913982754446,0.08374416795317266,0.3545163352825193,1.4744561243053123
conical,0.076,0.21,0.3,0.064,0.1,99.35793878699377,17.678969393496885,45.36459791783661,2.8656707204911904,7.108276492199096,104.4616733271024,102.60055459703976,-2.1781128709477287,0.10740041026735753,0.5265278617488524,1.4709692035840394
hyperbolic,0.076,0.21,0.25,0.064,0.1,99.35793878699377,17.678969393496885,45.36459791783661,2.8656707204911904,7.158539684611853,104.98308920852887,102.16192639344307,-3.37201564219815,0.09040308905163662,0.3819020056860101,1.4740907884668584
os,0.076,0.32,0.3,0.064,0.1,99.35793878699377,17.678969393496885,45.36459791783661,2.8656707204911904,7.172575887686193,107.5479051841486,105.21199529139393,-4.06730899911112,0.10353891351055751,0.4313270999390239,1.4666829906016945
conical,0.06,0.18,0.25,0.064,0.1,87.72684879784524,11.863424398922614,28.274333882308138,4.597809467099199,7.181835090266745,104.56188915569288,102.67880146743866,-2.1194954533562083,0.08380436673123653,0.6869253521263277,1.4641293454478876
conical,0.076,0.28,0.3,0.064,0.1,99.35793878699377,17.678969393496885,45.36459791783661,2.8656707204911904,7.209722593852064,106.0604778753034,104.7603144529431,-1.9556778959729257,0.10312024590510166,0.49757214192323435,1.4730058864028208
conical,0.076,0.18,0.2,0.064,0.1,99.35793878699377,17.678969393496885,45.36459791783661,2.8656707204911904,7.23964556876912,103.49726008356642,101.41523603294814,-1.8334955182629784,0.11278105324123837,0.47019859293597205,1.4688638198993025
conical,0.076,0.18,0.25,0.064,0.1,99.35793878699377,17.678969393496885,45.36459791783661,2.8656707204911904,7.276555944671202,103.61593385830722,101.33047334210808,-2.424391747221577,0.08590451089164164,0.4841522041231364,1.4762383015290887
conical,0.076,0.28,0.2,0.064,0.1,99.35793878699377,17.678969393496885,45.36459791783661,2.8656707204911904,7.377540756225898,105.59253607297539,104.92764300211782,-0.983467213351048,0.1352395751289888,0.5577450637904083,1.4740856125907362
exponential,0.076,0.18,0.25,0.064,0.1,99.35793878699377,17.678969393496885,45.36459791783661,2.8656707204911904,7.436021931584278,103.7449822676703,101.23815525548716,-2.6924026952758737,0.08116641883205356,0.4688406888773694,1.476328383662748
exponential,0.076,0.18,0.3,0.064,0.1,99.35793878699377,17.678969393496885,45.36459791783661,2.8656707204911904,7.437436189726057,103.67515326915603,101.15830882494676,-2.7826124138157837,0.10909100111317381,0.5429483726540009,1.47191652529084
exponential,0.06,0.18,0.25,0.064,0.1,87.72684879784524,11.863424398922614,28.274333882308138,4.597809467099199,7.456623000581359,104.70766171058025,102.58320227282717,-2.5516416086666,0.0832462309084715,0.641505180315287,1.4639960265534047
os,0.076,0.28,0.25,0.064,0.1,99.35793878699377,17.678969393496885,45.36459791783661,2.8656707204911904,7.459037745821121,106.61838962299996,104.4536211420515,-3.6972443712461427,0.11341843794251026,0.47211084723457203,1.4693259787383313
conical,0.076,0.32,0.25,0.064,0.1,99.35793878699377,17.678969393496885,45.36459791783661,2.8656707204911904,7.5154582515352075,106.52466591613356,105.68047339986163,-1.5662184506727925,0.12548820194164723,0.5179630178964466,1.4740661553016212
conical,0.076,0.18,0.3,0.064,0.1,99.35793878699377,17.678969393496885,45.36459791783661,2.8656707204911904,7.516328658051265,103.51992530832638,101.24361234243099,-2.562124707242461,0.11426161340999333,0.5562637527260674,1.4722900078907424
exponential,0.06,0.245,0.3,0.064,0.1,87.72684879784524,11.863424398922614,28.274333882308138,4.597809467099199,7.655273667317189,106.74514775739092,104.89299342670604,-2.6345162896206773,0.07702125473503083,0.6424088243706138,1.4592986976616393
conical,0.06,0.21,0.25,0.064,0.1,87.72684879784524,11.863424398922614,28.274333882308138,4.597809467099199,7.67009349682894,105.40244732249218,104.01503377391111,-1.6398037989446976,0.09522683135564969,0.6601706331824868,1.4595006597544267
exponential,0.076,0.18,0.2,0.064,0.1,99.35793878699377,17.678969393496885,45.36459791783661,2.8656707204911904,7.7205334548633715,103.6053661893511,101.31579098205506,-2.2113401339863827,0.11156784429013888,0.4655806732653043,1.4691029815327548
exponential,0.076,0.245,0.2,0.064,0.1,99.35793878699377,17.678969393496885,45.36459791783661,2.8656707204911904,7.7753489645065486,105.33475301567323,103.69063032674119,-2.1569028906123577,0.12696222425230155,0.5258637040836021,1.4718588312707013
os,0.076,0.18,0.25,0.064,0.1,99.35793878699377,17.678969393496885,45.36459791783661,2.8656707204911904,7.793939110140158,103.95269866499363,101.02731445152456,-3.339435703329343,0.08165255416573614,0.42605592557794303,1.4768249170165078
exponential,0.076,0.32,0.25,0.064,0.1,99.35793878699377,17.678969393496885,45.36459791783661,2.8656707204911904,7.8824000303964254,107.15577023764378,105.40805267141494,-2.821217469247287,0.1223368227403151,0.5068789943141803,1.4713159101581756
os,0.076,0.18,0.3,0.064,0.1,99.35793878699377,17.678969393496885,45.36459791783661,2.8656707204911904,7.940696151767156,103.94236200930825,100.94563354548322,-3.3264308640023046,0.09657628110729634,0.502722907181146,1.4722568384816184
hyperbolic,0.076,0.245,0.25,0.064,0.1,99.35793878699377,17.678969393496885,45.36459791783661,2.8656707204911904,7.958970225679437,105.95921814840648,103.23912435717028,-3.6140793802944984,0.09978176220407937,0.41898894428529887,1.4713572933739651
exponential,0.06,0.18,0.3,0.064,0.1,87.72684879784524,11.863424398922614,28.274333882308138,4.597809467099199,7.996275254784777,104.74748186108964,102.52201648584888,-2.8446586938596994,0.09023701162510803,0.7600350895337621,1.4586974100480352
hyperbolic,0.076,0.18,0.25,0.064,0.1,99.35793878699377,17.678969393496885,45.36459791783661,2.8656707204911904,8.007401031902376,103.96568089659604,100.91553324833237,-3.388235038380941,0.0794839655082086,0.4227252877141933,1.4777578376328224
exponential,0.06,0.28,0.3,0.064,0.1,87.72684879784524,11.863424398922614,28.274333882308138,4.597809467099199,8.00780676530701,107.56491832742464,105.85208049417193,-2.6849965669973415,0.08895850742655652,0.6074900525130076,1.4576660983647411
hyperbolic,0.076,0.18,0.3,0.064,0.1,99.35793878699377,17.678969393496885,45.36459791783661,2.8656707204911904,8.023278052329815,103.97854917510917,100.85229380926366,-3.3576755311549107,0.09499208297115212,0.5031697345039714,1.4738634014662433
exponential,0.06,0.21,0.3,0.064,0.1,87.72684879784524,11.863424398922614,28.274333882308138,4.597809467099199,8.029173120455013,105.76182067994601,103.84587459296117,-2.542070182494456,0.08070513463027938,0.6956778837263342,1.4590455486090461
conical,0.076,0.32,0.3,0.064,0.1,99.35793878699377,17.678969393496885,45.36459791783661,2.8656707204911904,8.03289455081594,106.71304609258371,105.60763227043006,-1.9339485476717186,0.11282494810148627,0.4995780887418699,1.4726486695128185
exponential,0.06,0.21,0.25,0.064,0.1,87.72684879784524,11.863424398922614,28.274333882308138,4.597809467099199,8.089057343301732,105.65060913648608,103.87151196400572,-2.3296942367249613,0.09382552370989776,0.6342162882288653,1.4581878515586073
os,0.06,0.21,0.3,0.064,0.1,87.72684879784524,11.863424398922614,28.274333882308138,4.597809467099199,8.16515976636309,105.89267658506574,103.6329482941877,-3.443757557135399,0.0667174377038249,0.6010512475113381,1.4582838407775756
conical,0.076,0.32,0.2,0.064,0.1,99.35793878699377,17.678969393496885,45.36459791783661,2.8656707204911904,8.195041559401318,106.0895390854452,105.7627005001884,-0.8700121896929431,0.14069105646669638,0.5789385503644724,1.4746659323025761
conical,0.06,0.245,0.25,0.064,0.1,87.72684879784524,11.863424398922614,28.274333882308138,4.597809467099199,8.207065629313433,106.17560353125718,105.11696116911621,-1.4089426005745764,0.10607650456662847,0.7101931457846976,1.4610353120085473
os,0.06,0.245,0.3,0.064,0.1,87.72684879784524,11.863424398922614,28.274333882308138,4.597809467099199,8.314877117292198,106.83924685014013,104.66793481071588,-3.7046399212376286,0.07817696350321589,0.5667648442587258,1.4548126558166605
os,0.076,0.21,0.2,0.064,0.1,99.35793878699377,17.678969393496885,45.36459791783661,2.8656707204911904,8.359053210276457,104.68423370662825,102.38599118381204,-3.081537014543599,0.1167435034576649,0.4860926166787484,1.4691203003705198
conical,0.06,0.18,0.3,0.064,0.1,87.72684879784524,11.863424398922614,28.274333882308138,4.597809467099199,8.458657199116715,104.56335793620428,102.6006166578272,-2.4973496996823457,0.09851745737939226,0.801919828337422,1.4574685655425361
hyperbolic,0.076,0.32,0.3,0.064,0.1,99.35793878699377,17.678969393496885,45.36459791783661,2.8656707204911904,8.503509851106372,107.83463541554177,104.94675931911812,-4.1018654655363065,0.09377677666320974,0.39449227919525726,1.4730515036036054
os,0.076,0.18,0.2,0.064,0.1,99.35793878699377,17.678969393496885,45.36459791783661,2.8656707204911904,8.519394154690232,103.77147312275501,101.11064588459487,-3.0903562244577643,0.10842760668137472,0.4534712387352792,1.469036227358672
conical,0.052,0.18,0.25,0.064,0.1,82.4621125123532,9.231056256176602,21.237166338267002,6.121343965072898,8.53653442603175,104.95468849546839,103.16938305686512,-2.0354759067101043,0.08397835248253818,0.8487914917625079,1.4550667947036797
os,0.06,0.18,0.3,0.064,0.1,87.72684879784524,11.863424398922614,28.274333882308138,4.597809467099199,8.658903407150632,104.88537193213432,102.32550957528282,-3.5477165321999564,0.07527835027249066,0.6652263251564146,1.4601032850858584
os,0.076,0.245,0.2,0.064,0.1,99.35793878699377,17.678969393496885,45.36459791783661,2.8656707204911904,8.72891069313296,105.53371674523557,103.50828174606976,-3.288797930445952,0.12421159312227822,0.51530634911238,1.4669616750193446
conical,0.06,0.245,0.3,0.064,0.1,87.72684879784524,11.863424398922614,28.274333882308138,4.597809467099199,8.750785901602228,106.30338162359665,105.05086584081977,-1.804755811637989,0.09115445593361711,0.7402876960191082,1.4595881164348237
exponential,0.076,0.28,0.2,0.064,0.1,99.35793878699377,17.678969393496885,45.36459791783661,2.8656707204911904,8.77276238391481,106.02897248003656,104.6801182571601,-2.2538154110168875,0.13237030484409415,0.5469998625449309,1.4707669831121555
conical,0.06,0.21,0.3,0.064,0.1,87.72684879784524,11.863424398922614,28.274333882308138,4.597809467099199,8.776559405323297,105.46385607708481,103.96252614366381,-1.9812506382033916,0.09332202538816119,0.7624851868816414,1.4575530102390506
conical,0.06,0.18,0.2,0.064,0.1,87.72684879784524,11.863424398922614,28.274333882308138,4.597809467099199,8.786256203584188,104.34298164471909,102.75443669413868,-1.3970067058211129,0.11029259270535521,0.7392359182954746,1.4551378745648413
hyperbolic,0.076,0.21,0.2,0.064,0.1,99.35793878699377,17.678969393496885,45.36459791783661,2.8656707204911904,8.797393530534478,104.69247744826053,102.21080415917672,-3.2915854774499707,0.11273395333015276,0.47049447941543565,1.4734801326102736
os,0.076,0.32,0.25,0.064,0.1,99.35793878699377,17.678969393496885,45.36459791783661,2.8656707204911904,8.816470013927585,107.2920141978644,105.26176445171016,-3.980118536217617,0.12140989523493027,0.5034544833680203,1.466616704361616
conical,0.06,0.28,0.25,0.064,0.1,87.72684879784524,11.863424398922614,28.274333882308138,4.597809467099199,8.85847630427456,106.78392563510053,106.13956475362184,-1.096268343883665,0.11509849095545588,0.7668384572234893,1.4627079869324369
exponential,0.06,0.245,0.25,0.064,0.1,87.72684879784524,11.863424398922614,28.274333882308138,4.597809467099199,8.927091200828698,106.55783922744752,104.91822566469753,-2.4226441193624026,0.10342876686794247,0.6949362370418909,1.458108703120179
conical,0.052,0.21,0.25,0.064,0.1,82.4621125123532,9.231056256176602,21.237166338267002,6.121343965072898,8.929796940297066,105.78703062111188,104.49675447687963,-1.510893249538924,0.09474090665020453,0.851451526470999,1.4501590762623437
os,0.06,0.28,0.3,0.064,0.1,87.72684879784524,11.863424398922614,28.274333882308138,4.597809467099199,8.958992481552627,107.59993976630246,105.60839686167334,-3.8576445256102687,0.08914748253903913,0.6027085533458253,1.4500380692356158
exponential,0.06,0.32,0.3,0.064,0.1,87.72684879784524,11.863424398922614,28.274333882308138,4.597809467099199,8.973793364021475,108.34260165358423,106.64679069064567,-2.8817288756210218,0.0997201875882173,0.669409032313583,1.4566850986690976
exponential,0.052,0.245,0.3,0.064,0.1,82.4621125123532,9.231056256176602,21.237166338267002,6.121343965072898,9.060726459582,107.15238516860389,105.41459073580148,-2.674335575896336,0.07731475967065804,0.7790431735776969,1.4490355942358653
conical,0.06,0.21,0.2,0.064,0.1,87.72684879784524,11.863424398922614,28.274333882308138,4.597809467099199,9.063357822654083,105.10898914230836,104.07291281132545,-0.8608678999887047,0.11893853969859701,0.7934791071272281,1.458712287680679
hyperbolic,0.076,0.18,0.2,0.064,0.1,99.35793878699377,17.678969393496885,45.36459791783661,2.8656707204911904,9.114320234507943,103.76158433124068,100.9843182936178,-3.217453020331959,0.10566780300845244,0.44269954196923894,1.4718491543945764
hyperbolic,0.06,0.18,0.3,0.064,0.1,87.72684879784524,11.863424398922614,28.274333882308138,4.597809467099199,9.155497697161621,104.91067882276917,102.255570233871,-3.5195732584796104,0.07152762873546904,0.6513422790901808,1.4641183785087295
os,0.06,0.18,0.25,0.064,0.1,87.72684879784524,11.863424398922614,28.274333882308138,4.597809467099199,9.23046136693712,104.79201952182827,102.37032331427885,-3.3652914841175345,0.08092253334641235,0.553141271807119,1.4635721894636315
conical,0.06,0.245,0.2,0.064,0.1,87.72684879784524,11.863424398922614,28.274333882308138,4.597809467099199,9.30118044615287,105.80365819168787,105.2003717339852,-0.5667625317712179,0.12664154129909513,0.8416586409164482,1.4620733138587785
conical,0.06,0.28,0.3,0.064,0.1,87.72684879784524,11.863424398922614,28.274333882308138,4.597809467099199,9.331440118231711,106.97535982559467,106.0555023721748,-1.5679174348186962,0.09423478752701767,0.7368346706889992,1.4608207846708179
hyperbolic,0.076,0.28,0.25,0.064,0.1,99.35793878699377,17.678969393496885,45.36459791783661,2.8656707204911904,9.442953766900686,106.76368885578786,104.21320555143643,-3.807672546091325,0.10687333282571383,0.4469925310117299,1.4713791347923926
exponential,0.052,0.21,0.3,0.064,0.1,82.4621125123532,9.231056256176602,21.237166338267002,6.121343965072898,9.491158040546509,106.1795725412512,104.40880508146292,-2.57270495347025,0.07135838715940122,0.8423653297828448,1.4491432307875975
conical,0.06,0.32,0.25,0.064,0.1,87.72684879784524,11.863424398922614,28.274333882308138,4.597809467099199,9.520159623601273,107.32374485181363,107.00058788908584,-0.8820915527671076,0.12381754311573134,0.8216444547299029,1.4640640123941873
exponential,0.052,0.18,0.3,0.064,0.1,82.4621125123532,9.231056256176602,21.237166338267002,6.121343965072898,9.522084249113576,105.17362608584897,103.09751578119594,-2.892040083323323,0.08006369599691253,0.9224849982808544,1.4491024860699766
conical,0.052,0.245,0.25,0.064,0.1,82.4621125123532,9.231056256176602,21.237166338267002,6.121343965072898,9.526652166804993,106.54994637957435,105.56483508985332,-1.2594060076111475,0.10507692230438621,0.937903135275997,1.4529510001357693
conical,0.047,0.18,0.25,0.064,0.1,79.40403012442127,7.7020150622106325,17.349445429449634,7.493034894321917,9.538967989269068,105.1483505457935,103.30676205192675,-2.085279255909498,0.08332586821922545,0.9866974009509979,1.447967207760139
exponential,0.06,0.18,0.2,0.064,0.1,87.72684879784524,11.863424398922614,28.274333882308138,4.597809467099199,9.564115983046662,104.46126373136735,102.63131093962117,-2.0233455158136167,0.10733098973278718,0.7208004148781948,1.4556528595498215
hyperbolic,0.06,0.21,0.3,0.064,0.1,87.72684879784524,11.863424398922614,28.274333882308138,4.597809467099199,9.652645264775998,105.95586852894021,103.54041412962943,-3.401962099519153,0.061613756400363116,0.5585829493354286,1.465326928272735
os,0.06,0.21,0.25,0.064,0.1,87.72684879784524,11.863424398922614,28.274333882308138,4.597809467099199,9.665675803079026,105.7400383367686,103.63666754112376,-3.3285708051201652,0.09096581164229064,0.6167221111843957,1.4552201153746107
exponential,0.052,0.18,0.25,0.064,0.1,82.4621125123532,9.231056256176602,21.237166338267002,6.121343965072898,9.70657653277948,105.08924724365802,103.11306387133642,-2.532821809185961,0.08209166525701476,0.7703241697192362,1.4543561301648578
os,0.076,0.28,0.2,0.064,0.1,99.35793878699377,17.678969393496885,45.36459791783661,2.8656707204911904,9.738957662963003,106.20672424811838,104.50881102511202,-3.3880467161570635,0.13006932093339738,0.5381679197343505,1.4627753766664944
hyperbolic,0.076,0.245,0.2,0.064,0.1,99.35793878699377,17.678969393496885,45.36459791783661,2.8656707204911904,9.753894939491104,105.58087003755051,103.29564112723605,-3.634446675111647,0.1189261686511424,0.49481300559234764,1.4731655299133941
exponential,0.052,0.28,0.3,0.064,0.1,82.4621125123532,9.231056256176602,21.237166338267002,6.121343965072898,9.786543148411852,107.96223837990946,106.33544257340084,-2.735037914278962,0.08765514577642369,0.7902684637636219,1.4467736076317352
exponential,0.076,0.32,0.2,0.064,0.1,99.35793878699377,17.678969393496885,45.36459791783661,2.8656707204911904,9.879580931434361,106.67610669612984,105.45870300414938,-2.5391817016986664,0.13717902406417729,0.5657894826978092,1.4691540868430562
conical,0.047,0.21,0.25,0.064,0.1,79.40403012442127,7.7020150622106325,17.349445429449634,7.493034894321917,9.911312310376417,105.98108939851711,104.62445187210784,-1.5389550850272684,0.09380385752946617,1.0330948459026448,1.4430327638686837
conical,0.06,0.28,0.2,0.064,0.1,87.72684879784524,11.863424398922614,28.274333882308138,4.597809467099199,9.912703069083534,106.3406946522667,106.24619986561498,-0.21947833427587682,0.1326593996712625,0.8792172679721726,1.4644668970819095
os,0.052,0.18,0.3,0.064,0.1,82.4621125123532,9.231056256176602,21.237166338267002,6.121343965072898,9.916525771254669,105.1882406814251,102.94861057764714,-3.5996945373733524,0.0641706265092696,0.7769657406074549,1.4500234787893649
os,0.06,0.245,0.25,0.064,0.1,87.72684879784524,11.863424398922614,28.274333882308138,4.597809467099199,9.934718317953013,106.62516175308211,104.66145087025342,-3.554470017698634,0.10049781579004145,0.6768980947004005,1.4537420464271826
conical,0.052,0.18,0.3,0.064,0.1,82.4621125123532,9.231056256176602,21.237166338267002,6.121343965072898,9.942091182772018,104.99539014924925,103.12221938025075,-2.5093819362848535,0.09028158237682331,0.9973383623125168,1.44761468822956
conical,0.06,0.32,0.3,0.064,0.1,87.72684879784524,11.863424398922614,28.274333882308138,4.597809467099199,10.028220702832755,107.58546175850483,106.91119045240717,-1.4184099816901892,0.10906812567406579,0.7503805858814817,1.461252419065124
conical,0.052,0.245,0.3,0.064,0.1,82.4621125123532,9.231056256176602,21.237166338267002,6.121343965072898,10.055054619704265,106.71221569809964,105.51623405522427,-1.7366690145404533,0.08507680352337282,0.9336651434497955,1.4505802765012006
os,0.052,0.21,0.3,0.064,0.1,82.4621125123532,9.231056256176602,21.237166338267002,6.121343965072898,10.110934187172546,106.180461853765,104.20053665840292,-3.5089792434820737,0.06530294231075293,0.7107275152337567,1.446123588041891
exponential,0.047,0.245,0.3,0.064,0.1,79.40403012442127,7.7020150622106325,17.349445429449634,7.493034894321917,10.12169814134893,107.34361161498572,105.59995867461625,-2.7755930339811385,0.07660785705220953,0.8928827843078566,1.4407306098170287
conical,0.052,0.28,0.25,0.064,0.1,82.4621125123532,9.231056256176602,21.237166338267002,6.121343965072898,10.12489407689057,107.1485155274077,106.56851457168324,-0.9184789432092231,0.11374749953002047,1.0103454231695432,1.4554377292893597
exponential,0.06,0.28,0.25,0.064,0.1,87.72684879784524,11.863424398922614,28.274333882308138,4.597809467099199,10.1258892991533,107.30839263348028,105.87910362085108,-2.4576378616255994,0.11097266030805814,0.7425958059928642,1.4580111726389962
conical,0.052,0.21,0.3,0.064,0.1,82.4621125123532,9.231056256176602,21.237166338267002,6.121343965072898,10.165411952701021,105.8857452241358,104.46671118772352,-1.9445068501341751,0.08614623874582672,0.9538503680270316,1.4477125404828977
os,0.06,0.32,0.3,0.064,0.1,87.72684879784524,11.863424398922614,28.274333882308138,4.597809467099199,10.171532675479355,108.29216780510521,106.37890831467925,-4.088402922300091,0.09996564751892092,0.6712658496717925,1.4486383686897928
exponential,0.052,0.21,0.25,0.064,0.1,82.4621125123532,9.231056256176602,21.237166338267002,6.121343965072898,10.185912165490464,106.02528954114517,104.38853271587271,-2.30873937940855,0.09167854414021669,0.8269346800112969,1.4472598865388866
exponential,0.06,0.21,0.2,0.064,0.1,87.72684879784524,11.863424398922614,28.274333882308138,4.597809467099199,10.215615136726313,105.32248540261027,103.88705661141758,-1.8247386677635973,0.11504358958242467,0.7693573623728374,1.4578830722447047
hyperbolic,0.06,0.245,0.3,0.064,0.1,87.72684879784524,11.863424398922614,28.274333882308138,4.597809467099199,10.245482276183111,106.96350220873065,104.57615460060828,-3.660577618101442,0.07199027843443512,0.4956560191604657,1.4648644685539443
os,0.052,0.245,0.3,0.064,0.1,82.4621125123532,9.231056256176602,21.237166338267002,6.121343965072898,10.266847458435294,107.10945313884814,105.14273684205415,-3.790704312729318,0.07660558579664535,0.6978412397394054,1.439858787066353
conical,0.047,0.245,0.25,0.064,0.1,79.40403012442127,7.7020150622106325,17.349445429449634,7.493034894321917,10.473252356551754,106.74288016573846,105.67019499730972,-1.279356976440809,0.10393327725866956,1.136831148311458,1.4468395539525312
conical,0.06,0.32,0.2,0.064,0.1,87.72684879784524,11.863424398922614,28.274333882308138,4.597809467099199,10.495799204534407,106.80566266658708,107.1178616234389,0.024649135538538758,0.1381933447488577,0.913728178176193,1.4666515542915028
conical,0.052,0.18,0.2,0.064,0.1,82.4621125123532,9.231056256176602,21.237166338267002,6.121343965072898,10.520047603316868,104.6973918542816,103.21538648602633,-1.2700971299828296,0.10775641284932991,0.9631675110827388,1.4454180669518524
hyperbolic,0.06,0.18,0.25,0.064,0.1,87.72684879784524,11.863424398922614,28.274333882308138,4.597809467099199,10.521957140863904,104.77658554105821,102.29402759733284,-3.41442871166619,0.0768319148095484,0.5274503750086417,1.4668229893009945
exponential,0.047,0.21,0.3,0.064,0.1,79.40403012442127,7.7020150622106325,17.349445429449634,7.493034894321917,10.591471101609983,106.37404161387083,104.62708411888832,-2.6591536461155414,0.06546935947147998,0.9631441744760291,1.441068506130088
exponential,0.047,0.18,0.3,0.064,0.1,79.40403012442127,7.7020150622106325,17.349445429449634,7.493034894321917,10.668146569592139,105.36952562759836,103.33324680151406,-2.977029560922645,0.07349810406057371,1.0542781168554018,1.441139493168421
conical,0.052,0.28,0.3,0.064,0.1,82.4621125123532,9.231056256176602,21.237166338267002,6.121343965072898,10.676181913236235,107.37153844129709,106.48965169986744,-1.471143365404373,0.0931213278130493,0.9366680790933616,1.4526841410298008
conical,0.052,0.21,0.2,0.064,0.1,82.4621125123532,9.231056256176602,21.237166338267002,6.121343965072898,10.677632479737895,105.45687359782674,104.53697464616972,-0.667537768384804,0.11651688092068112,1.0364137564670695,1.45025405095266
conical,0.052,0.32,0.25,0.064,0.1,82.4621125123532,9.231056256176602,21.237166338267002,6.121343965072898,10.764465668084256,107.67794651788343,107.4411317530622,-0.6465943765114588,0.12219953311839901,1.08101623791897,1.4576916484794484
conical,0.042,0.18,0.25,0.064,0.1,76.55063683601855,6.275318418009275,13.85442360233099,9.383284626733056,10.768729786841021,105.2822384007578,103.23046013117882,-2.2802568332180613,0.0820590459835572,1.1681705911924394,1.444215788841605
conical,0.052,0.245,0.2,0.064,0.1,82.4621125123532,9.231056256176602,21.237166338267002,6.121343965072898,10.785144134096882,106.1433021919265,105.64109427142441,-0.3367035552600015,0.12438976746010985,1.1020357031027859,1.4550490920685826
os,0.06,0.28,0.25,0.064,0.1,87.72684879784524,11.863424398922614,28.274333882308138,4.597809467099199,10.834810220733985,107.3300326356121,105.59643251755716,-3.639123387095424,0.1083803929795499,0.7265511864054663,1.4505844797965626
os,0.052,0.28,0.3,0.064,0.1,82.4621125123532,9.231056256176602,21.237166338267002,6.121343965072898,10.87526618381402,107.85340050634605,105.99897038866933,-3.942545447836892,0.08646546897965508,0.7809363139088366,1.4357966486230673
os,0.06,0.18,0.2,0.064,0.1,87.72684879784524,11.863424398922614,28.274333882308138,4.597809467099199,10.899185504996339,104.51376539277413,102.38360552939353,-3.1054736081604375,0.10177225824216368,0.6859599735394108,1.4530267814630864
exponential,0.06,0.245,0.2,0.064,0.1,87.72684879784524,11.863424398922614,28.274333882308138,4.597809467099199,10.91033116956632,106.14431132603904,104.93823428819559,-1.9479413410089137,0.12184640005115599,0.812111069606077,1.4582321330138586
hyperbolic,0.076,0.32,0.25,0.064,0.1,99.35793878699377,17.678969393496885,45.36459791783661,2.8656707204911904,10.912094048932644,107.51762389605628,104.98503419957592,-4.20955957858979,0.11316708752705744,0.4718252204263311,1.4710817276759627
hyperbolic,0.076,0.28,0.2,0.064,0.1,99.35793878699377,17.678969393496885,45.36459791783661,2.8656707204911904,10.936230706734818,106.30822021460635,104.26273850983665,-3.9395801965325887,0.12369137247257339,0.5135058615915896,1.4710692871948106
os,0.076,0.32,0.2,0.064,0.1,99.35793878699377,17.678969393496885,45.36459791783661,2.8656707204911904,10.939194336628333,106.8065285224381,105.30014039668926,-3.565353984796843,0.13544583020650372,0.559119745394058,1.4610551226472082
conical,0.047,0.245,0.3,0.064,0.1,79.40403012442127,7.7020150622106325,17.349445429449634,7.493034894321917,10.989116587957554,106.92142866970381,105.63764894418088,-1.7985643138893863,0.08126042844713639,1.1010150785979251,1.443858432870102
exponential,0.052,0.245,0.25,0.064,0.1,82.4621125123532,9.231056256176602,21.237166338267002,6.121343965072898,11.007009439412059,106.92421804556396,105.38995376551532,-2.431784678583554,0.10050760237749778,0.9012746404891177,1.4477988191207205
conical,0.042,0.21,0.25,0.064,0.1,76.55063683601855,6.275318418009275,13.85442360233099,9.383284626733056,11.012521450118456,106.12122748742499,104.537533344346,-1.7176940686897098,0.09233470217970703,1.275300989571259,1.4347277345857201
conical,0.047,0.18,0.3,0.064,0.1,79.40403012442127,7.7020150622106325,17.349445429449634,7.493034894321917,11.026915677925487,105.20791639669201,103.29259946781119,-2.6014288925116205,0.08501251569649822,1.1629903328231392,1.4396492677591501
conical,0.047,0.28,0.25,0.064,0.1,79.40403012442127,7.7020150622106325,17.349445429449634,7.493034894321917,11.033998971406703,107.33982587324968,106.65778381441542,-0.9290574954432174,0.11247122775199202,1.224155266924311,1.4501271542893024
exponential,0.052,0.32,0.3,0.064,0.1,82.4621125123532,9.231056256176602,21.237166338267002,6.121343965072898,11.077609731940527,108.72965472798094,107.11349159736338,-2.9206984008710037,0.09714644782633886,0.8708397694269678,1.446687442773916
conical,0.047,0.21,0.3,0.064,0.1,79.40403012442127,7.7020150622106325,17.349445429449634,7.493034894321917,11.169983704945523,106.09767756232897,104.61636724514895,-2.01859319227124,0.0816130086844424,1.117840829526124,1.4400584479797844
exponential,0.06,0.32,0.25,0.064,0.1,87.72684879784524,11.863424398922614,28.274333882308138,4.597809467099199,11.209841274698732,108.01416387633992,106.66279282403869,-2.6602985440619733,0.11783319309161759,0.7859304101793283,1.4571140997045826
exponential,0.047,0.18,0.25,0.064,0.1,79.40403012442127,7.7020150622106325,17.349445429449634,7.493034894321917,11.225058693183186,105.26325510093322,103.29957818693495,-2.6012747406490604,0.08043012115068716,0.8965124686009238,1.4464699121310531
hyperbolic,0.06,0.21,0.25,0.064,0.1,87.72684879784524,11.863424398922614,28.274333882308138,4.597809467099199,11.239959734459234,105.74984346671795,103.5411196537086,-3.428485387735222,0.08488443082502163,0.5786222593019823,1.4608916088548276
conical,0.052,0.32,0.3,0.064,0.1,82.4621125123532,9.231056256176602,21.237166338267002,6.121343965072898,11.263995419903765,107.96828015164058,107.34373870891753,-1.265824776615986,0.10716624184999328,0.9621865349434968,1.4541248468884804
exponential,0.047,0.28,0.3,0.064,0.1,79.40403012442127,7.7020150622106325,17.349445429449634,7.493034894321917,11.275245520090678,108.14985788773377,106.48702790703587,-2.8541001610157366,0.08605852161349116,0.9518661945213646,1.4380557782978307
conical,0.052,0.28,0.2,0.064,0.1,82.4621125123532,9.231056256176602,21.237166338267002,6.121343965072898,11.338884144072622,106.67242973229061,106.68532651763272,0.05554646776842276,0.1305709743928981,1.1534382570271504,1.4587406118188815
os,0.06,0.21,0.2,0.064,0.1,87.72684879784524,11.863424398922614,28.274333882308138,4.597809467099199,11.343602652654766,105.38984031671971,103.60786460992318,-3.0072998147154095,0.10996229568907474,0.7375930887722332,1.4507228504587935
exponential,0.052,0.18,0.2,0.064,0.1,82.4621125123532,9.231056256176602,21.237166338267002,6.121343965072898,11.496002645148096,104.80111898784897,103.10442224740258,-2.0260020437818014,0.10348186291230423,0.9275622198110379,1.4453000589663767
os,0.047,0.18,0.3,0.064,0.1,79.40403012442127,7.7020150622106325,17.349445429449634,7.493034894321917,11.520791884051306,105.27589750590549,103.23275679402991,-3.6322309382572797,0.05718025181475885,0.8635709982473504,1.4502358418010155
conical,0.042,0.245,0.25,0.064,0.1,76.55063683601855,6.275318418009275,13.85442360233099,9.383284626733056,11.524771958450145,106.88752722964362,105.56552182240529,-1.45094658804976,0.10233471040852013,1.4036147901038385,1.4398207873881588
hyperbolic,0.06,0.28,0.3,0.064,0.1,87.72684879784524,11.863424398922614,28.274333882308138,4.597809467099199,11.540973722942525,107.79859853676017,105.52613881985282,-3.8596903567889456,0.08000948838402816,0.5468193160678688,1.462252694790677
hyperbolic,0.06,0.18,0.2,0.064,0.1,87.72684879784524,11.863424398922614,28.274333882308138,4.597809467099199,11.562112802772901,104.46071580760227,102.30312636847442,-3.3605636153112073,0.09675897704129323,0.6543862302299127,1.45964322899814
os,0.052,0.18,0.25,0.064,0.1,82.4621125123532,9.231056256176602,21.237166338267002,6.121343965072898,11.585389243810724,105.05779242887604,102.91245449200133,-3.366558402667451,0.0777636855871103,0.710179786979201,1.4520385066704653
hyperbolic,0.052,0.18,0.3,0.064,0.1,82.4621125123532,9.231056256176602,21.237166338267002,6.121343965072898,11.610136779457605,105.18605706535759,102.98545896369279,-3.466449015621805,0.05878396550712636,0.7399189149030905,1.456702127081083
exponential,0.047,0.21,0.25,0.064,0.1,79.40403012442127,7.7020150622106325,17.349445429449634,7.493034894321917,11.614626726137203,106.19844011266652,104.56119957189915,-2.382189418193576,0.08949210509352945,0.9900831348552047,1.4384143868748038
conical,0.047,0.28,0.3,0.064,0.1,79.40403012442127,7.7020150622106325,17.349445429449634,7.493034894321917,11.632878667858918,107.57741676687539,106.58496661999438,-1.525381021551084,0.09227250971651628,1.110831769157428,1.4468834767277579
conical,0.047,0.32,0.25,0.064,0.1,79.40403012442127,7.7020150622106325,17.349445429449634,7.493034894321917,11.638970427167166,107.8671992469229,107.538012197815,-0.6253680823851226,0.12082891193053147,1.3096785383966785,1.4532277575620365
conical,0.047,0.18,0.2,0.064,0.1,79.40403012442127,7.7020150622106325,17.349445429449634,7.493034894321917,11.688914012413733,104.87341328851291,103.32314858512184,-1.3066823337399427,0.1056459601705535,1.157476800251231,1.4378990594633878
os,0.047,0.245,0.3,0.064,0.1,79.40403012442127,7.7020150622106325,17.349445429449634,7.493034894321917,11.70378325190859,107.18599258952662,105.28029783703141,-3.8833763511599244,0.07460487284961947,0.834291005754412,1.4357824164114183
exponential,0.042,0.245,0.3,0.064,0.1,76.55063683601855,6.275318418009275,13.85442360233099,9.383284626733056,11.716411433192022,107.46176066092991,105.59798740199844,-2.9906918278057333,0.07511629334902475,1.0510007002653856,1.4304937602457293
os,0.047,0.21,0.3,0.064,0.1,79.40403012442127,7.7020150622106325,17.349445429449634,7.493034894321917,11.730389130170181,106.26393605319372,104.42049278973799,-3.572306795762728,0.06414945249423644,0.7998898163253868,1.4424525995465791
os,0.06,0.32,0.25,0.064,0.1,87.72684879784524,11.863424398922614,28.274333882308138,4.597809467099199,11.745645374641413,107.96307430431918,106.35316659417862,-3.794011407189103,0.11596844028930538,0.7742888269295918,1.4447188168364535
conical,0.047,0.21,0.2,0.064,0.1,79.40403012442127,7.7020150622106325,17.349445429449634,7.493034894321917,11.763455241517008,105.63428735318891,104.64876867678612,-0.6641322616555527,0.11453827269266878,1.2485589916565163,1.4440124594568773
conical,0.052,0.32,0.2,0.064,0.1,82.4621125123532,9.231056256176602,21.237166338267002,6.121343965072898,11.77423919239564,107.12880064191725,107.58515691340517,0.3675594308689938,0.13626546658621855,1.2007416578518193,1.4623427400684084
conical,0.047,0.245,0.2,0.064,0.1,79.40403012442127,7.7020150622106325,17.349445429449634,7.493034894321917,11.780463034660201,106.32084037175301,105.7400824517872,-0.3133552248703353,0.12257612399492736,1.3306346277843897,1.4501394282035105
exponential,0.06,0.28,0.2,0.064,0.1,87.72684879784524,11.863424398922614,28.274333882308138,4.597809467099199,11.79578026536062,106.81829369524563,105.90115926937712,-2.0330372344656666,0.12709165507628792,0.845037774739236,1.4563547589043682
exponential,0.042,0.21,0.3,0.064,0.1,76.55063683601855,6.275318418009275,13.85442360233099,9.383284626733056,11.853863122373951,106.49208247180975,104.65973776670153,-2.855017147811381,0.06459133356707303,1.1177416739211297,1.43094347728703
os,0.052,0.21,0.25,0.064,0.1,82.4621125123532,9.231056256176602,21.237166338267002,6.121343965072898,11.862521295830561,105.99287209724051,104.1162286252152,-3.3381655218356485,0.08712596476467994,0.789141693101435,1.4415054765512685
os,0.06,0.245,0.2,0.064,0.1,87.72684879784524,11.863424398922614,28.274333882308138,4.597809467099199,11.938556290581062,106.19949949654762,104.62550312775677,-3.120794815666329,0.1176003758826061,0.7856204182750126,1.4451632548354654
os,0.052,0.245,0.25,0.064,0.1,82.4621125123532,9.231056256176602,21.237166338267002,6.121343965072898,11.96772575860264,106.86229278663667,105.0443128535816,-3.5766594394344224,0.09626846409490507,0.8660507010111469,1.4391374665244567
exponential,0.042,0.18,0.3,0.064,0.1,76.55063683601855,6.275318418009275,13.85442360233099,9.383284626733056,11.97799693153,105.48515200339752,103.39143641497353,-3.160416201305935,0.06679804814764226,1.2211027277747823,1.4455414726357674
conical,0.042,0.245,0.3,0.064,0.1,76.55063683601855,6.275318418009275,13.85442360233099,9.383284626733056,12.027335809168605,107.07666952951278,105.55085018067003,-2.0040764098013426,0.07829862652745186,1.323910336299973,1.4362777902332462
conical,0.042,0.28,0.25,0.064,0.1,76.55063683601855,6.275318418009275,13.85442360233099,9.383284626733056,12.052019426516296,107.48762862071415,106.53584148649999,-1.0977497690308553,0.11080216065011168,1.5121012606668325,1.4441980637094431
exponential,0.052,0.21,0.2,0.064,0.1,82.4621125123532,9.231056256176602,21.237166338267002,6.121343965072898,12.094860746962155,105.65695695255954,104.34802194382883,-1.8120990399784915,0.11104302569631122,0.9910165013791966,1.4478120797562404
os,0.052,0.32,0.3,0.064,0.1,82.4621125123532,9.231056256176602,21.237166338267002,6.121343965072898,12.104973979028145,108.52799101234136,106.70715101677503,-4.131508998002872,0.09645855827685107,0.8651587865642617,1.4326870846193107
conical,0.047,0.32,0.3,0.064,0.1,79.40403012442127,7.7020150622106325,17.349445429449634,7.493034894321917,12.131176836679046,108.17031309005075,107.43553480656394,-1.2919996285103394,0.1057947994247598,1.1491716126236131,1.4492680231984556
exponential,0.052,0.28,0.25,0.064,0.1,82.4621125123532,9.231056256176602,21.237166338267002,6.121343965072898,12.13955330532903,107.6671488646908,106.31600917392022,-2.4877221715948252,0.1075382681573352,0.9604218611897757,1.4475330267505293
hyperbolic,0.076,0.32,0.2,0.064,0.1,99.35793878699377,17.678969393496885,45.36459791783661,2.8656707204911904,12.163292140364902,106.98399778554247,105.01889847597886,-4.432519282554807,0.12798658063161444,0.5303438897170469,1.470683181219337
hyperbolic,0.06,0.245,0.25,0.064,0.1,87.72684879784524,11.863424398922614,28.274333882308138,4.597809467099199,12.181676163107142,106.68438165548805,104.57005560409114,-3.746115872527014,0.0921699699313829,0.6248554096708929,1.4577535158966635
conical,0.042,0.18,0.3,0.064,0.1,76.55063683601855,6.275318418009275,13.85442360233099,9.383284626733056,12.24409206222289,105.35472880209173,103.25854536821055,-2.8228849175109048,0.07966181611859122,1.3796183251026144,1.4425643370963728
os,0.047,0.28,0.3,0.064,0.1,79.40403012442127,7.7020150622106325,17.349445429449634,7.493034894321917,12.258843583427236,107.92242089163064,106.06366943392196,-4.048384624125617,0.08389351548626893,0.9301057048027065,1.4306465086875009
conical,0.047,0.28,0.2,0.064,0.1,79.40403012442127,7.7020150622106325,17.349445429449634,7.493034894321917,12.298839741396222,106.84951863467884,106.78181697132084,0.1006244926495441,0.12890854227984294,1.3951411365654012,1.4549495483745678
conical,0.042,0.21,0.3,0.064,0.1,76.55063683601855,6.275318418009275,13.85442360233099,9.383284626733056,12.29999976561794,106.24989980887044,104.55537094627823,-2.2332054033211364,0.07704114510683467,1.3347231489700775,1.4310345278042766
exponential,0.047,0.245,0.25,0.064,0.1,79.40403012442127,7.7020150622106325,17.349445429449634,7.493034894321917,12.413990911536033,107.09517651634712,105.52897350018979,-2.530101680346675,0.0979112981058756,1.0768963451059017,1.439399159714682
hyperbolic,0.06,0.21,0.2,0.064,0.1,87.72684879784524,11.863424398922614,28.274333882308138,4.597809467099199,12.444046043351221,105.35473910449286,103.50809096324849,-3.448786116248442,0.1030609654985336,0.6942407856878214,1.4608056988572766
hyperbolic,0.052,0.21,0.3,0.064,0.1,82.4621125123532,9.231056256176602,21.237166338267002,6.121343965072898,12.49669091205564,106.2134318908626,104.26185750778176,-3.3534886770322316,0.06030005421304255,0.6280454008332417,1.4575858197934592
exponential,0.047,0.32,0.3,0.064,0.1,79.40403012442127,7.7020150622106325,17.349445429449634,7.493034894321917,12.511543688629871,108.913246043934,107.2484725872489,-3.040384047045066,0.09483272895599931,1.0429550167405601,1.4385643872245568
conical,0.042,0.32,0.25,0.064,0.1,76.55063683601855,6.275318418009275,13.85442360233099,9.383284626733056,12.605007263676342,108.01768627603916,107.4241086399671,-0.767328435153658,0.11912059877354836,1.6187018272120604,1.448437231906862
conical,0.047,0.32,0.2,0.064,0.1,79.40403012442127,7.7020150622106325,17.349445429449634,7.493034894321917,12.630653077699833,107.3049653873629,107.70295206208793,0.4533916179567967,0.13474966841322464,1.4545675162049405,1.4596985265851696
conical,0.042,0.28,0.3,0.064,0.1,76.55063683601855,6.275318418009275,13.85442360233099,9.383284626733056,12.68907834484476,107.73416499614284,106.46988240383058,-1.7307110468105975,0.09117333428809427,1.3443265469105814,1.4405894599267803
os,0.06,0.28,0.2,0.064,0.1,87.72684879784524,11.863424398922614,28.274333882308138,4.597809467099199,12.724261023442821,106.83658569623225,105.55736092777389,-3.079317388264414,0.12375941372695691,0.8242591399298813,1.4395221399489753
exponential,0.052,0.245,0.2,0.064,0.1,82.4621125123532,9.231056256176602,21.237166338267002,6.121343965072898,12.724598619989166,106.47228569393123,105.35325966108886,-1.9526757461847097,0.11778520347738447,1.0474998502027966,1.4480559970487465
exponential,0.06,0.32,0.2,0.064,0.1,87.72684879784524,11.863424398922614,28.274333882308138,4.597809467099199,12.761906705785137,107.44532285561809,106.67553368721697,-2.2841374527586993,0.13181767875861128,0.8746901590852132,1.4562631808467938
os,0.052,0.18,0.2,0.064,0.1,82.4621125123532,9.231056256176602,21.237166338267002,6.121343965072898,12.765394829316321,104.74394714291256,102.81614241850338,-3.149991809687677,0.09639358282393025,0.8681809123518658,1.4390325440269478
os,0.052,0.28,0.25,0.064,0.1,82.4621125123532,9.231056256176602,21.237166338267002,6.121343965072898,12.811411868408896,107.5522688602608,105.90177580897675,-3.6439486804980703,0.10399700500090735,0.9309260878696705,1.4339812043337028
exponential,0.047,0.18,0.2,0.064,0.1,79.40403012442127,7.7020150622106325,17.349445429449634,7.493034894321917,12.813183758049831,104.95527117117385,103.23458173579014,-2.1314890151888335,0.10036524056539108,1.1034948265284632,1.4368420363492516
conical,0.042,0.245,0.2,0.064,0.1,76.55063683601855,6.275318418009275,13.85442360233099,9.383284626733056,12.83922476356193,106.45683102857089,105.62977433649804,-0.4479097268941814,0.12038688206401597,1.6384870099420545,1.4448894231710103
exponential,0.042,0.18,0.25,0.064,0.1,76.55063683601855,6.275318418009275,13.85442360233099,9.383284626733056,12.84477007747499,105.36314988545129,103.29199333354056,-2.7906675924001973,0.07801151248320491,1.0917646345734273,1.4418948701853325
exponential,0.042,0.28,0.3,0.064,0.1,76.55063683601855,6.275318418009275,13.85442360233099,9.383284626733056,12.859205178129258,108.26699857389465,106.44524822038346,-3.095281775828795,0.08376304522426013,1.163352606416071,1.4274156732464713
hyperbolic,0.06,0.32,0.3,0.064,0.1,87.72684879784524,11.863424398922614,28.274333882308138,4.597809467099199,12.865662633421636,108.58613415446527,106.29973024632426,-4.220218361418048,0.08725355397452222,0.5929957792710456,1.4614181332587135
conical,0.042,0.21,0.2,0.064,0.1,76.55063683601855,6.275318418009275,13.85442360233099,9.383284626733056,12.919754020461184,105.7644635592581,104.54510189848035,-0.8182878336744039,0.11213845784361277,1.5329126286280808,1.4392006106857267
conical,0.042,0.18,0.2,0.064,0.1,76.55063683601855,6.275318418009275,13.85442360233099,9.383284626733056,12.934091652236404,104.99631888347183,103.21132864532865,-1.4989103211793662,0.10307077293067762,1.4164935398662408,1.4425703689524125
hyperbolic,0.052,0.245,0.3,0.064,0.1,82.4621125123532,9.231056256176602,21.237166338267002,6.121343965072898,12.993572519432334,107.20357217581133,105.25598483093447,-3.6455842354672967,0.06864852562402111,0.632441606237005,1.456307473996409
conical,0.042,0.32,0.3,0.064,0.1,76.55063683601855,6.275318418009275,13.85442360233099,9.383284626733056,13.082916172190536,108.32800004244028,107.31583052693642,-1.4759785452022953,0.10418862840983815,1.4196442566740781,1.4442307748965708
exponential,0.052,0.32,0.25,0.064,0.1,82.4621125123532,9.231056256176602,21.237166338267002,6.121343965072898,13.131168013913154,108.36508594295853,107.0870005032572,-2.6885388141213014,0.11401203030083257,1.014869327094619,1.446452118646378
exponential,0.042,0.21,0.25,0.064,0.1,76.55063683601855,6.275318418009275,13.85442360233099,9.383284626733056,13.152184356663895,106.30097463914018,104.5364653589324,-2.5813645410950414,0.08660234412775249,1.202918197850388,1.4299685172162155
os,0.047,0.18,0.25,0.064,0.1,79.40403012442127,7.7020150622106325,17.349445429449634,7.493034894321917,13.187557938762083,105.12914848218672,103.10920650306815,-3.4031158483191746,0.0747545402876517,0.8384359275792717,1.4436896704474866
hyperbolic,0.052,0.18,0.25,0.064,0.1,82.4621125123532,9.231056256176602,21.237166338267002,6.121343965072898,13.219462139864177,105.00589366499649,102.95845354263201,-3.3544127965047608,0.07236916375864873,0.6648617393702657,1.4580704456685916
os,0.052,0.21,0.2,0.064,0.1,82.4621125123532,9.231056256176602,21.237166338267002,6.121343965072898,13.305737765581057,105.6077085427431,103.9788176943148,-3.002230408327023,0.10467250708394998,0.9377744274120361,1.4344656423798021
os,0.042,0.18,0.3,0.064,0.1,76.55063683601855,6.275318418009275,13.85442360233099,9.383284626733056,13.318690975133862,105.2493903922738,103.35285555264285,-3.7023786915830925,0.05258081965933347,0.9690836687392368,1.4627549413513896
conical,0.042,0.28,0.2,0.064,0.1,76.55063683601855,6.275318418009275,13.85442360233099,9.383284626733056,13.326540017597324,106.98989614134649,106.66870824038492,-0.018263390223623333,0.12691067045260887,1.7217815642620566,1.4510907069904262
os,0.042,0.245,0.3,0.064,0.1,76.55063683601855,6.275318418009275,13.85442360233099,9.383284626733056,13.330518440796325,107.15684623152235,105.21469053143772,-4.044352933471345,0.07171722957720411,1.0081479208079964,1.4498776522068937
os,0.047,0.245,0.25,0.064,0.1,79.40403012442127,7.7020150622106325,17.349445429449634,7.493034894321917,13.362520670991401,106.9226677089593,105.10150225369512,-3.646633646332546,0.09273696235754561,1.0239976159201907,1.43827893794486
exponential,0.047,0.21,0.2,0.064,0.1,79.40403012442127,7.7020150622106325,17.349445429449634,7.493034894321917,13.38036720533357,105.81092411404644,104.46937189284951,-1.9086358321456487,0.1078591081787911,1.180550377900262,1.4397130688453028
os,0.047,0.21,0.25,0.064,0.1,79.40403012442127,7.7020150622106325,17.349445429449634,7.493034894321917,13.38511881464224,106.05994900690557,104.25142744119827,-3.391774702759818,0.08377562382534079,0.9316390092490768,1.4401939145730371
hyperbolic,0.06,0.245,0.2,0.064,0.1,87.72684879784524,11.863424398922614,28.274333882308138,4.597809467099199,13.407122142525111,106.20758260127336,104.52338783365603,-3.8319494485573244,0.10879245040960236,0.7304386238526711,1.4590976851748791
os,0.042,0.21,0.3,0.064,0.1,76.55063683601855,6.275318418009275,13.85442360233099,9.383284626733056,13.465987726345915,106.23801297459832,104.45140413247947,-3.693937953563136,0.06199586973798032,0.9123918907387352,1.4560222574175552
os,0.047,0.32,0.3,0.064,0.1,79.40403012442127,7.7020150622106325,17.349445429449634,7.493034894321917,13.493560387052455,108.58873987364548,106.71903045432151,-4.220721569222945,0.09345332030816203,1.0287187532203097,1.4256918263405622
exponential,0.047,0.28,0.25,0.064,0.1,79.40403012442127,7.7020150622106325,17.349445429449634,7.493034894321917,13.507772129754315,107.83568836446352,106.42523474969474,-2.6078353392469182,0.10467062598163429,1.1465336384373346,1.4390741189196232
hyperbolic,0.06,0.28,0.25,0.064,0.1,87.72684879784524,11.863424398922614,28.274333882308138,4.597809467099199,13.513780525785307,107.45505325475311,105.51101777914349,-3.9919430969094805,0.09793518886674063,0.6614035327902781,1.456909369368574
exponential,0.052,0.28,0.2,0.064,0.1,82.4621125123532,9.231056256176602,21.237166338267002,6.121343965072898,13.546447195964348,107.14034014248604,106.28784671824138,-2.0412516986196607,0.1230299109552208,1.09138483826611,1.4457858667090666
hyperbolic,0.047,0.18,0.3,0.064,0.1,79.40403012442127,7.7020150622106325,17.349445429449634,7.493034894321917,13.57670111031456,105.24270093204905,103.41122475647511,-3.3676251961025656,0.050644016401342425,0.8009337793702374,1.4505720277378142
conical,0.042,0.32,0.2,0.064,0.1,76.55063683601855,6.275318418009275,13.85442360233099,9.383284626733056,13.628135625379343,107.44920917117345,107.61317107966173,0.3715447526177229,0.1329377690147157,1.7986239192006874,1.4571959662297902
os,0.06,0.32,0.2,0.064,0.1,87.72684879784524,11.863424398922614,28.274333882308138,4.597809467099199,13.642445787196252,107.39977798704443,106.30481882289718,-3.0708493599996984,0.12951946997873703,0.8603336736881632,1.439138928584448
os,0.052,0.32,0.25,0.064,0.1,82.4621125123532,9.231056256176602,21.237166338267002,6.121343965072898,13.670251169213856,108.16986951689802,106.60555150599394,-3.740995760562001,0.11155889390417553,0.9943174133954258,1.4257099071395885
os,0.042,0.28,0.3,0.064,0.1,76.55063683601855,6.275318418009275,13.85442360233099,9.383284626733056,13.81496771331102,107.8885719225312,105.91389241550502,-4.231836758783743,0.08050237299864516,1.1216733708342141,1.4448181458810412
hyperbolic,0.052,0.21,0.25,0.064,0.1,82.4621125123532,9.231056256176602,21.237166338267002,6.121343965072898,13.828841802391537,105.96430047798587,104.18519544107735,-3.403568830322101,0.07931493128802926,0.7236716103004754,1.4500921022818873
os,0.052,0.245,0.2,0.064,0.1,82.4621125123532,9.231056256176602,21.237166338267002,6.121343965072898,13.849333064386443,106.40274676603303,104.90545998590252,-3.07363897372376,0.11253988488214889,1.003742611435056,1.429882739332916
hyperbolic,0.052,0.18,0.2,0.064,0.1,82.4621125123532,9.231056256176602,21.237166338267002,6.121343965072898,13.885164799361945,104.64826366976808,102.85802151892352,-3.449936386488787,0.08981836303190034,0.8128957573286251,1.4496486310877796
exponential,0.042,0.245,0.25,0.064,0.1,76.55063683601855,6.275318418009275,13.85442360233099,9.383284626733056,13.916908467474286,107.19857660741908,105.47118062186046,-2.7551622102485425,0.0946524485925726,1.3069357930253191,1.4288934629053882
exponential,0.047,0.245,0.2,0.064,0.1,79.40403012442127,7.7020150622106325,17.349445429449634,7.493034894321917,13.968299186693727,106.62500483769983,105.44296105677951,-2.062142852538372,0.11458872111467908,1.24962993400881,1.4400298069355915
exponential,0.042,0.32,0.3,0.064,0.1,76.55063683601855,6.275318418009275,13.85442360233099,9.383284626733056,14.04861758751521,109.02875608750708,107.18590595379698,-3.2885166774319714,0.0918792367544766,1.268810764668392,1.4284419214752027
hyperbolic,0.052,0.28,0.3,0.064,0.1,82.4621125123532,9.231056256176602,21.237166338267002,6.121343965072898,14.13532223020124,108.02406553120258,106.16746325367683,-3.873868514609555,0.07526133075975668,0.6885913148529996,1.4525927297956212
os,0.047,0.18,0.2,0.064,0.1,79.40403012442127,7.7020150622106325,17.349445429449634,7.493034894321917,14.169204443564453,104.79877083670051,102.90897689620779,-3.2387690070583943,0.09215041300437762,1.0190751148260335,1.4298476089938452
os,0.047,0.28,0.25,0.064,0.1,79.40403012442127,7.7020150622106325,17.349445429449634,7.493034894321917,14.180311658763756,107.60588580130141,105.89590345332384,-3.7125046140261873,0.10041487784552683,1.1029638161846977,1.4371959856404908
exponential,0.042,0.18,0.2,0.064,0.1,76.55063683601855,6.275318418009275,13.85442360233099,9.383284626733056,14.230497013035887,105.0417566917017,103.1567329926964,-2.3753925842796804,0.09662694083613069,1.3338133270715389,1.431803870602917
exponential,0.052,0.32,0.2,0.064,0.1,82.4621125123532,9.231056256176602,21.237166338267002,6.121343965072898,14.433187372780225,107.76124463723147,107.05533273486621,-2.2742668263663006,0.12778781254606672,1.1311713977968716,1.4468021163716278
hyperbolic,0.047,0.21,0.3,0.064,0.1,79.40403012442127,7.7020150622106325,17.349445429449634,7.493034894321917,14.438170834210666,106.26337218172628,104.66873216521657,-3.2738302116770797,0.05809175340953455,0.6782492867732162,1.4511076923481927
exponential,0.047,0.32,0.25,0.064,0.1,79.40403012442127,7.7020150622106325,17.349445429449634,7.493034894321917,14.44615157652062,108.53091324989079,107.1843507746331,-2.8120848413410613,0.11094071958965668,1.2111093201456098,1.4380161223286945
hyperbolic,0.06,0.28,0.2,0.064,0.1,87.72684879784524,11.863424398922614,28.274333882308138,4.597809467099199,14.478996845825534,106.90556161098789,105.44818012217966,-4.131475811470196,0.1133393761527169,0.7591257284241069,1.4556982103953926
os,0.052,0.28,0.2,0.064,0.1,82.4621125123532,9.231056256176602,21.237166338267002,6.121343965072898,14.599165943117299,107.02653750406834,105.77274130633634,-2.973036441391244,0.11897648085646947,1.0575919932352726,1.4355991034850348
hyperbolic,0.06,0.32,0.25,0.064,0.1,87.72684879784524,11.863424398922614,28.274333882308138,4.597809467099199,14.634280962456756,108.17704908968518,106.26435319202255,-4.426571351383203,0.10325267584894515,0.6950922219753787,1.4554449858672511
hyperbolic,0.052,0.245,0.25,0.064,0.1,82.4621125123532,9.231056256176602,21.237166338267002,6.121343965072898,14.642133106404842,106.88393465381519,105.15861451510311,-3.7876003973617713,0.08575301660450081,0.778118839571517,1.4467206595791091
os,0.047,0.21,0.2,0.064,0.1,79.40403012442127,7.7020150622106325,17.349445429449634,7.493034894321917,14.667987643535895,105.65774297259337,104.02060036124455,-3.0622519746321757,0.10050986547460014,1.1051929473349376,1.4352238218436322
hyperbolic,0.052,0.21,0.2,0.064,0.1,82.4621125123532,9.231056256176602,21.237166338267002,6.121343965072898,14.694079099263902,105.52904896498633,104.02960205047874,-3.5435999611542854,0.09578788814111387,0.8632420147144445,1.4502367404393082
exponential,0.047,0.28,0.2,0.064,0.1,79.40403012442127,7.7020150622106325,17.349445429449634,7.493034894321917,14.746016383460315,107.29160571426488,106.35422483243741,-2.157634914275917,0.11985441075323573,1.3036159557806688,1.437555605077952
exponential,0.042,0.21,0.2,0.064,0.1,76.55063683601855,6.275318418009275,13.85442360233099,9.383284626733056,14.765469575882818,105.90051690652025,104.38441044020723,-2.14295892177239,0.10406499540103963,1.4296946015004077,1.4297983523152016
hyperbolic,0.047,0.245,0.3,0.064,0.1,79.40403012442127,7.7020150622106325,17.349445429449634,7.493034894321917,14.882940803895323,107.24630381234135,105.62070927274249,-3.605088397026236,0.06534667591485244,0.7403954230382809,1.4490304878782054
os,0.042,0.18,0.25,0.064,0.1,76.55063683601855,6.275318418009275,13.85442360233099,9.383284626733056,14.91836664777395,105.09260013623819,103.11136911560241,-3.5094295267211493,0.07087802513780725,0.9999296807482683,1.4561451884284298
os,0.042,0.245,0.25,0.064,0.1,76.55063683601855,6.275318418009275,13.85442360233099,9.383284626733056,14.93259656484426,106.88165694805542,104.9426799652463,-3.798115704192682,0.08839234764916822,1.2264905357597347,1.4510617436912623
exponential,0.042,0.28,0.25,0.064,0.1,76.55063683601855,6.275318418009275,13.85442360233099,9.383284626733056,14.973772446974635,107.939064715238,106.33339927498514,-2.860321668456436,0.10116732015772045,1.3910423244719519,1.4286940237002164
os,0.047,0.32,0.25,0.064,0.1,79.40403012442127,7.7020150622106325,17.349445429449634,7.493034894321917,15.019778132689765,108.21650603749015,106.55724164627503,-3.7810393631387598,0.10800355996513704,1.18090394936061,1.4359843568772417
os,0.042,0.32,0.3,0.064,0.1,76.55063683601855,6.275318418009275,13.85442360233099,9.383284626733056,15.036920716328893,108.54939732012687,106.50924765257236,-4.395285920471551,0.08967188268495965,1.2401563204257584,1.4396944518351253
os,0.042,0.21,0.25,0.064,0.1,76.55063683601855,6.275318418009275,13.85442360233099,9.383284626733056,15.051892447329593,106.02259986825167,104.17732246842644,-3.523694849737282,0.07959137304326362,1.1127746704166928,1.4531251890295684
hyperbolic,0.047,0.18,0.25,0.064,0.1,79.40403012442127,7.7020150622106325,17.349445429449634,7.493034894321917,15.066600565941712,105.0419767262353,103.30422040157303,-3.297853297476749,0.06843956455124377,0.7733356657201202,1.4505847490022226
os,0.047,0.245,0.2,0.064,0.1,79.40403012442127,7.7020150622106325,17.349445429449634,7.493034894321917,15.19088472152896,106.44651544894694,104.88001733146703,-3.1124532438626886,0.10855201835528594,1.187841093937591,1.4412872007847655
exponential,0.042,0.245,0.2,0.064,0.1,76.55063683601855,6.275318418009275,13.85442360233099,9.383284626733056,15.312014292306287,106.71628678435644,105.32923729135044,-2.307289147134071,0.11079383930831262,1.5162899851522096,1.4303625424717505
hyperbolic,0.052,0.32,0.3,0.064,0.1,82.4621125123532,9.231056256176602,21.237166338267002,6.121343965072898,15.40856302770078,108.7975396011053,106.91659955934401,-4.2474825044523215,0.081372522916534,0.7404506395261423,1.4521013153031526
os,0.052,0.32,0.2,0.064,0.1,82.4621125123532,9.231056256176602,21.237166338267002,6.121343965072898,15.460933615878787,107.57647954601835,106.47943230520318,-2.88423345694855,0.1250582840632832,1.1083832424852207,1.4399585755374302
hyperbolic,0.047,0.18,0.2,0.064,0.1,79.40403012442127,7.7020150622106325,17.349445429449634,7.493034894321917,15.538266820702418,104.66561219766045,103.08619050296019,-3.535720544335348,0.08445925317845855,0.939777059385315,1.4409082366339379
exponential,0.047,0.32,0.2,0.064,0.1,79.40403012442127,7.7020150622106325,17.349445429449634,7.493034894321917,15.582295974187687,107.9108116014936,107.11599047601732,-2.379995208282878,0.12465323976873112,1.352781133213993,1.4393169019537129
hyperbolic,0.06,0.32,0.2,0.064,0.1,87.72684879784524,11.863424398922614,28.274333882308138,4.597809467099199,15.584362901422637,107.55319948437896,106.17754243903987,-4.577885727532191,0.11753838275994627,0.7855998630298856,1.4565827666188118
hyperbolic,0.052,0.245,0.2,0.064,0.1,82.4621125123532,9.231056256176602,21.237166338267002,6.121343965072898,15.595605029540181,106.36819139649677,104.97815976946407,-3.9477866298149706,0.10131384281549248,0.9097905424414893,1.4472296513474423
hyperbolic,0.047,0.21,0.25,0.064,0.1,79.40403012442127,7.7020150622106325,17.349445429449634,7.493034894321917,15.623801774058705,105.99461415091554,104.50446928380416,-3.3809168851185234,0.07475737401246718,0.838865519600076,1.4406980299565206
hyperbolic,0.042,0.18,0.3,0.064,0.1,76.55063683601855,6.275318418009275,13.85442360233099,9.383284626733056,15.665516548364295,105.17021161388473,103.75721642551545,-3.227445751110949,0.048079594489283964,0.8679415650935802,1.451809612726982
os,0.042,0.28,0.25,0.064,0.1,76.55063683601855,6.275318418009275,13.85442360233099,9.383284626733056,15.674844399808123,107.56077282714082,105.66723246933111,-3.869501145709066,0.0960353398322051,1.3250449553952348,1.4495125204325616
os,0.042,0.18,0.2,0.064,0.1,76.55063683601855,6.275318418009275,13.85442360233099,9.383284626733056,15.710493801971538,104.75091848283773,102.78434604249392,-3.413339738834466,0.08710672429769492,1.2110529473973939,1.4424588702021282
exponential,0.042,0.32,0.25,0.064,0.1,76.55063683601855,6.275318418009275,13.85442360233099,9.383284626733056,15.862456320291471,108.63381420366134,107.07856919171019,-3.071360660109562,0.10725436614768802,1.4695951841293677,1.4279007601388045
hyperbolic,0.047,0.28,0.3,0.064,0.1,79.40403012442127,7.7020150622106325,17.349445429449634,7.493034894321917,15.89674631197748,108.06041497597325,106.49168383785377,-3.869394125910958,0.07118087586883412,0.8010474774436076,1.444369134485246
hyperbolic,0.052,0.28,0.25,0.064,0.1,82.4621125123532,9.231056256176602,21.237166338267002,6.121343965072898,15.904171431132568,107.6419883855661,106.05512507786739,-4.082950132259995,0.09095565992841334,0.8220793223313182,1.4449650890909296
os,0.047,0.28,0.2,0.064,0.1,79.40403012442127,7.7020150622106325,17.349445429449634,7.493034894321917,15.919315874285573,107.0647211819574,105.69695289301109,-2.9855128376380407,0.11519751465530319,1.2559845770689009,1.4458813166327702
exponential,0.042,0.28,0.2,0.064,0.1,76.55063683601855,6.275318418009275,13.85442360233099,9.383284626733056,16.043799869933423,107.38378068856763,106.21480112944745,-2.4126153278343736,0.11609172373479619,1.5843858516171656,1.4277885568531472
os,0.042,0.21,0.2,0.064,0.1,76.55063683601855,6.275318418009275,13.85442360233099,9.383284626733056,16.160162403162573,105.60803003552603,103.84002299227534,-3.209933236698447,0.09554277935495678,1.320030644011447,1.4473723471891748
hyperbolic,0.047,0.21,0.2,0.064,0.1,79.40403012442127,7.7020150622106325,17.349445429449634,7.493034894321917,16.269191815498942,105.54046202525998,104.22625091390289,-3.632185083599879,0.09021041647573229,0.9992257990499012,1.4409387637878173
hyperbolic,0.047,0.245,0.25,0.064,0.1,79.40403012442127,7.7020150622106325,17.349445429449634,7.493034894321917,16.334399974928587,106.90771603013839,105.4271141653529,-3.8196461719158776,0.0806975149942709,0.9004134680308967,1.437160692850833
hyperbolic,0.042,0.21,0.3,0.064,0.1,76.55063683601855,6.275318418009275,13.85442360233099,9.383284626733056,16.504122222843222,106.1886393073122,104.979388056967,-3.171313161626003,0.05480124209092144,0.7903495806607703,1.442606893470899
os,0.042,0.32,0.25,0.064,0.1,76.55063683601855,6.275318418009275,13.85442360233099,9.383284626733056,16.505737333275647,108.16730919169487,106.2817540603509,-3.917658251724532,0.10366892387994973,1.4233381335146897,1.4476858583659429
hyperbolic,0.052,0.28,0.2,0.064,0.1,82.4621125123532,9.231056256176602,21.237166338267002,6.121343965072898,16.61513731808533,107.05444114421107,105.85618141702395,-4.240463042703794,0.10576350121978727,0.9472368562743881,1.4429868799389411
os,0.042,0.245,0.2,0.064,0.1,76.55063683601855,6.275318418009275,13.85442360233099,9.383284626733056,16.665543745324015,106.39364756370843,104.630642373333,-3.242534460744068,0.10376579971494788,1.4260090378085049,1.4523620143941394
os,0.047,0.32,0.2,0.064,0.1,79.40403012442127,7.7020150622106325,17.349445429449634,7.493034894321917,16.739166340894528,107.60944410985284,106.37178708562386,-2.859207644654205,0.12152349210642183,1.320735158913747,1.4490747322537498
exponential,0.042,0.32,0.2,0.064,0.1,76.55063683601855,6.275318418009275,13.85442360233099,9.383284626733056,16.830534965304523,108.00350891342717,106.97080645095232,-2.6250071202179726,0.12094374004843018,1.646703624001659,1.4302569776008078
hyperbolic,0.042,0.245,0.3,0.064,0.1,76.55063683601855,6.275318418009275,13.85442360233099,9.383284626733056,16.91872698694459,107.16802160632642,105.87415351263803,-3.5584097847286813,0.061070283801589444,0.8720616524344915,1.439412964743432
hyperbolic,0.052,0.32,0.25,0.064,0.1,82.4621125123532,9.231056256176602,21.237166338267002,6.121343965072898,16.96612016042829,108.35167574336904,106.77953533939935,-4.546477436197179,0.09584033978266958,0.8633300263344985,1.4422821249379034
hyperbolic,0.042,0.18,0.25,0.064,0.1,76.55063683601855,6.275318418009275,13.85442360233099,9.383284626733056,17.052775891190464,104.95747257438008,103.52710717038465,-3.2507592286142,0.06359145867321858,0.9056483896058989,1.4422863562615449
hyperbolic,0.047,0.245,0.2,0.064,0.1,79.40403012442127,7.7020150622106325,17.349445429449634,7.493034894321917,17.130022827289054,106.37285335132346,105.12067409563443,-4.050196823288289,0.09559109632465225,1.0547819832642205,1.4367043655359382
hyperbolic,0.047,0.32,0.3,0.064,0.1,79.40403012442127,7.7020150622106325,17.349445429449634,7.493034894321917,17.15278053943402,108.82746983622776,107.21320673713518,-4.264426464054623,0.07664631056709145,0.857838550110763,1.4440805768400895
hyperbolic,0.042,0.18,0.2,0.064,0.1,76.55063683601855,6.275318418009275,13.85442360233099,9.383284626733056,17.34979110096093,104.56962569570369,103.14660356423232,-3.6726033751773173,0.07822814585208303,1.0962135943457227,1.4464757177144856
os,0.042,0.28,0.2,0.064,0.1,76.55063683601855,6.275318418009275,13.85442360233099,9.383284626733056,17.3758810051434,107.00930551556452,105.39269129673805,-3.1003086808036926,0.11063668645723113,1.5143696234971948,1.4558393795891424
hyperbolic,0.047,0.28,0.25,0.064,0.1,79.40403012442127,7.7020150622106325,17.349445429449634,7.493034894321917,17.547299325994103,107.65986242438039,106.28074487166325,-4.157502883634663,0.08555757605716595,0.9507303333981327,1.4345319615019154
hyperbolic,0.042,0.21,0.25,0.064,0.1,76.55063683601855,6.275318418009275,13.85442360233099,9.383284626733056,17.576383870727625,105.90769213075414,104.68751903338246,-3.3790239637119726,0.06931174678293532,0.9800196675538431,1.4301978854322615
hyperbolic,0.052,0.32,0.2,0.064,0.1,82.4621125123532,9.231056256176602,21.237166338267002,6.121343965072898,17.667563555870714,107.690578810883,106.55585344726202,-4.651783026192646,0.10992310536387088,0.9822187856460988,1.4446873244625054
hyperbolic,0.042,0.28,0.3,0.064,0.1,76.55063683601855,6.275318418009275,13.85442360233099,9.383284626733056,17.778981491499096,107.978392122058,106.68867742586151,-3.8757895999695933,0.0661858991330855,0.9386925614999839,1.4334685377139453
hyperbolic,0.042,0.21,0.2,0.064,0.1,76.55063683601855,6.275318418009275,13.85442360233099,9.383284626733056,17.999889585460622,105.44066027359163,104.24830136681896,-3.770546923891004,0.08373511676092661,1.1675993710527421,1.4368152080964196
hyperbolic,0.047,0.28,0.2,0.064,0.1,79.40403012442127,7.7020150622106325,17.349445429449634,7.493034894321917,18.114686220179536,107.05308685711086,105.95833226676966,-4.340661661532877,0.09996373679863874,1.0998890948757327,1.4318496076414706
os,0.042,0.32,0.2,0.064,0.1,76.55063683601855,6.275318418009275,13.85442360233099,9.383284626733056,18.149619641583342,107.552255944616,106.03210311475387,-2.9514734402903713,0.11723414316302055,1.5990604667182415,1.4579948667019174
hyperbolic,0.042,0.245,0.25,0.064,0.1,76.55063683601855,6.275318418009275,13.85442360233099,9.383284626733056,18.165921566394914,106.81687322268445,105.5473849640682,-3.8815377358376395,0.0747622697858194,1.0508177790088702,1.4243363402337557
hyperbolic,0.047,0.32,0.25,0.064,0.1,79.40403012442127,7.7020150622106325,17.349445429449634,7.493034894321917,18.59046295732807,108.36353381344517,106.976716343492,-4.644663604272665,0.09016900619707431,0.9984481716823818,1.430659993401689
hyperbolic,0.042,0.245,0.2,0.064,0.1,76.55063683601855,6.275318418009275,13.85442360233099,9.383284626733056,18.8164300984088,106.26795092212727,105.08260196885152,-4.201105998850892,0.0889399081435513,1.2349977678570645,1.431437047370139
hyperbolic,0.042,0.32,0.3,0.064,0.1,76.55063683601855,6.275318418009275,13.85442360233099,9.383284626733056,19.026039176105826,108.7412805737492,107.37075758591514,-4.3049436573594875,0.07104057056395899,1.0018999550835017,1.4333749305426178
hyperbolic,0.047,0.32,0.2,0.064,0.1,79.40403012442127,7.7020150622106325,17.349445429449634,7.493034894321917,19.14475661498156,107.68319799272948,106.63297191623928,-4.729682507559062,0.10408297715013656,1.1423543475053097,1.4438627312474497
hyperbolic,0.042,0.28,0.25,0.064,0.1,76.55063683601855,6.275318418009275,13.85442360233099,9.383284626733056,19.323030527964306,107.56494346763144,106.34579439820861,-4.270940497233326,0.07927388910619954,1.1093783572698106,1.4204315931363432
hyperbolic,0.042,0.28,0.2,0.064,0.1,76.55063683601855,6.275318418009275,13.85442360233099,9.383284626733056,19.77403513249942,106.94337208063192,105.87291519115622,-4.491627167812467,0.09320788415767586,1.290218155101661,1.441630984912922
hyperbolic,0.042,0.32,0.25,0.064,0.1,76.55063683601855,6.275318418009275,13.85442360233099,9.383284626733056,20.356822842319673,108.26414477729823,107.00523382821325,-4.7856741607387505,0.08359766815679287,1.165473613816313,1.4297910006673336
hyperbolic,0.042,0.32,0.2,0.064,0.1,76.55063683601855,6.275318418009275,13.85442360233099,9.383284626733056,20.783614150959338,107.56853732460705,106.5189916293155,-4.859115461316534,0.09725982462330472,1.3426102509013993,1.4582643153955588
